企业代号,企业名称,行业,问题2额度_万元,平均冲击强度,企业暴露度,冲击前风险,冲击后平均风险,冲击后P95风险,稳健风险,调整后评级,调整后额度_万元,额度变化_万元,调整后利率,调整类别
E124,个体经营E124 ,其他/无法识别,99,0.0817340417757127,0.08223318143694017,0.001,0.0010995751477781619,0.0012133904199261483,0.0011507920202447558,A,99,0,0.0465,维持
E125,个体经营E125 ,其他/无法识别,99,0.08197014581297173,0.08918169044797607,0.001,0.0010998800079029167,0.0012140684862339635,0.0011512648231518877,A,99,0,0.0465,维持
E126,个体经营E126 ,其他/无法识别,99,0.09169690552235489,0.15395495412367968,0.001,0.001112530080716494,0.001242334149452647,0.001170941911647763,A,99,0,0.0465,维持
E127,个体经营E127 ,其他/无法识别,99,0.08883572029151346,0.1471060852473198,0.001,0.0011087905099987827,0.001233952076796646,0.0011651132150578211,A,99,0,0.0465,维持
E128,个体经营E128 ,其他/无法识别,93,0.11617826888552159,0.33141072514567976,0.022245480249984302,0.02539380627387854,0.02908863586122252,0.02705647958818333,A,92,-1,0.0745,调减
E129,个体经营E129 ,其他/无法识别,99,0.0807653881986224,0.07908637976498537,0.001,0.001098325497987321,0.0012106125042137873,0.0011488546507892308,A,99,0,0.0465,维持
E130,个体经营E130 ,其他/无法识别,81,0.1146038360999073,0.34008266732219894,0.09054204237669031,0.10214347142141769,0.11552245467399545,0.1081640138850777,A,79,-2,0.1425,调减
E131,个体经营E131 ,其他/无法识别,99,0.08117527175038224,0.08071939082367857,0.001,0.0010988540713403434,0.0012117871968268532,0.001149673977809273,A,99,0,0.0465,维持
E132,个体经营E132 ,其他/无法识别,99,0.08044087087897918,0.06854056798945689,0.0014544044702691139,0.0015967284393325432,0.0017592009706755842,0.0016698410784369117,A,99,0,0.0465,维持
E133,个体经营E133 ,其他/无法识别,76,0.10421044074043372,0.2680178299343757,0.1407098013459666,0.15598343275464535,0.173284297279394,0.16376882179078225,B,74,-2,0.15,调减
E134,***工程咨询有限公司,建筑房地产,97,0.10494827084740038,0.17616020273921362,0.008204441450999462,0.009263576648986587,0.010480100228680334,0.009811012259848775,A,97,0,0.0465,维持
E135,***建设工程有限公司,建筑房地产,95,0.09996130836706188,0.12503272939047663,0.022138015990826702,0.024806145501213205,0.027848994860091198,0.026175427712708303,A,95,0,0.0745,维持
E136,***机械有限责任公司,制造业,89,0.1316280489759354,0.4514926069945528,0.03314205129308535,0.03844250831113428,0.04442466420451628,0.04113447846315618,A,89,0,0.0985,维持
E137,***建设工程有限公司,建筑房地产,96,0.10184992811376696,0.13800895808752367,0.01653352297925552,0.01858005491521674,0.020920386577845167,0.019633204163399535,A,95,-1,0.0745,调减
E138,个体经营E138 ,其他/无法识别,92,0.0875191422280865,0.1295773542884363,0.03975099764645149,0.043820936401044924,0.048465652804832574,0.04591105878274937,A,92,0,0.0985,维持
E139,个体经营E139 ,其他/无法识别,94,0.08491180929721494,0.10522775637964912,0.023634522612705017,0.02602252782730625,0.028749385103577198,0.027249613601628177,A,94,0,0.0745,维持
E140,***建筑工程有限公司,建筑房地产,97,0.10624745976484203,0.16782510564113864,0.009836593713521352,0.011120903041817731,0.012597220338498588,0.011785245825324118,A,97,0,0.0745,维持
E141,***食品有限公司,其他/无法识别,97,0.08027463852054768,0.07091817066651226,0.00828904800323843,0.009092201687488474,0.010007902876831945,0.009504267222693036,A,97,0,0.0465,维持
E142,***运业有限公司,其他/无法识别,89,0.097607973982215,0.19165839051242028,0.05654056749448176,0.06291071325222822,0.07021726213224265,0.06619866024823472,A,88,-1,0.1225,调减
E143,***电子科技有限公司,科技信息服务,91,0.05147185713080109,0.19690127454902825,0.04256773308699344,0.04506769506201479,0.04832524313134784,0.046533591693214665,A,90,-1,0.0985,调减
E144,***劳务有限公司,其他/无法识别,92,0.09300339680975386,0.19390467020965615,0.0348420865925463,0.03866901362586139,0.04306042246140025,0.04064514760185388,A,91,-1,0.0985,调减
E145,***工贸有限公司,其他/无法识别,97,0.08412373937185634,0.08732676423388003,0.011974882043609667,0.013189059064722636,0.014577324660915944,0.013813778583009625,A,97,0,0.0745,维持
E146,***基础建设工程有限公司,建筑房地产,97,0.11095470819260606,0.17689059435108032,0.008717365856294236,0.009911662974167445,0.011290479099291062,0.010532130230473074,A,97,0,0.0585,维持
E147,***装饰工程有限责任公司,建筑房地产,99,0.09420603656893363,0.07579298952937137,0.002847698268629879,0.003177129239221377,0.0035523570602216175,0.0033459817586714855,A,99,0,0.0465,维持
E148,***商贸有限公司,批发零售,87,0.13323664081500042,0.26505329205388495,0.06398521315923605,0.07394168835880198,0.08492083186597557,0.07888230293703011,A,85,-2,0.1225,调减
E149,***建筑劳务有限公司,建筑房地产,83,0.11526449531917017,0.2253123735521307,0.0964443676919183,0.10879539713927483,0.12282109538778373,0.11510696135110385,B,81,-2,0.1425,调减
E150,***建设工程有限公司,建筑房地产,93,0.09767461317750711,0.10870989505958384,0.03414216371868874,0.03809983447499025,0.04259418488854964,0.04012229216109198,A,92,-1,0.0745,调减
E151,***路桥工程有限公司,建筑房地产,83,0.12635133827255438,0.312453429993561,0.09752358894903283,0.1112833510202258,0.12702142564442295,0.11836548460111451,B,80,-3,0.15,调减
E152,***运贸有限责任公司,其他/无法识别,91,0.10547759476258874,0.225192714760827,0.04398749118283245,0.04945286012793743,0.05577788566941963,0.052299121621604425,A,90,-1,0.0985,调减
E153,个体经营E153 ,其他/无法识别,79,0.12755543340950318,0.46708734195173657,0.07530600822791803,0.0863422734637406,0.09923821290820965,0.09214544621375167,A,77,-2,0.1425,调减
E154,***汽车销售服务有限公司,批发零售,91,0.13067399126647114,0.19876708243130742,0.033913816666763213,0.03928001708178716,0.04523379645889263,0.04195921780148462,A,90,-1,0.0985,调减
E155,个体经营E155 ,其他/无法识别,84,0.08460588258782356,0.0929910807093778,0.08930539284518298,0.09761899317107647,0.10700454961479425,0.10184249357074948,A,82,-2,0.1425,调减
E156,个体经营E156 ,其他/无法识别,91,0.10187261542336629,0.26540715213893873,0.038374940853071506,0.04300008663365726,0.04834321385049299,0.04540449388123334,A,90,-1,0.0985,调减
E157,***环境设备工程有限公司,建筑房地产,10,0.1127732476251745,0.2303354719621377,0.2332694266952814,0.2574525120966304,0.2840585890635021,0.2694252467317227,B,10,0,0.15,维持
E158,***装饰工程有限公司,建筑房地产,89,0.140443666965611,0.3765057897983593,0.04693638167625306,0.05486437080904807,0.06415095239605789,0.05904333252320249,A,88,-1,0.1225,调减
E159,个体经营E159 ,其他/无法识别,94,0.08068585003757098,0.07371187276150463,0.022920279863249463,0.025116226319008186,0.027614876985328732,0.026240619118852435,A,93,-1,0.0745,调减
E160,***钢结构工程有限公司,建筑房地产,95,0.10216118027592337,0.12835242644534928,0.020875058768890727,0.0234542092353983,0.026401796589981572,0.024780623544960773,A,95,0,0.0745,维持
E161,***建筑劳务有限责任公司,建筑房地产,86,0.11134934927585792,0.21933391188405843,0.0671571333734139,0.07575919369961907,0.08556495575096522,0.08017178662272484,A,84,-2,0.1425,调减
E162,***网络信息安全有限公司,科技信息服务,98,0.045759923214073475,0.1317059641684806,0.004069619041148885,0.004290377978696149,0.004577629896339738,0.004419641341635765,A,98,0,0.0465,维持
E163,***物流有限公司,交通物流,87,0.16866052149134653,0.2575966099974116,0.0734769170644891,0.08806489864866811,0.10247136346892508,0.09454780781778374,A,84,-3,0.1425,调减
E164,个体经营E164 ,其他/无法识别,97,0.08814916274530417,0.13267586846529703,0.010815583290088636,0.01196952742248165,0.013293951986772617,0.012565518476412586,A,97,0,0.0745,维持
E165,***文化传媒股份有限公司,其他/无法识别,96,0.08052811022612097,0.06711605618367152,0.011530095075744864,0.012646906514694845,0.013919840378204075,0.013219726753274,A,96,0,0.0745,维持
E166,***建筑工程有限公司,建筑房地产,10,0.14478407044519115,0.45864497583277575,0.28405060318915754,0.31935334561562473,0.3581128397467547,0.33679511797463324,B,10,0,0.15,维持
E167,***体育文化股份有限公司,其他/无法识别,99,0.0804439061993274,0.05454952118281883,0.002181938374650873,0.0023952905965378265,0.0026388186397583776,0.002504878215987075,A,99,0,0.0465,维持
E168,***建材有限公司,建筑房地产,82,0.13261732621764327,0.31528840079826403,0.08796973453029759,0.10120968566011783,0.11645532827789756,0.1080702248381187,A,80,-2,0.1425,调减
E169,***建筑设计有限公司,建筑房地产,96,0.09830588610802947,0.11990781441194068,0.01586780250768681,0.017760238803692832,0.019918087783677776,0.01873127084468606,A,95,-1,0.0745,调减
E170,***建筑劳务有限公司,建筑房地产,81,0.1064426276252395,0.1675764377528053,0.10753484902682,0.12000873751474508,0.13405696082306295,0.12633043800348814,B,79,-2,0.15,调减
E171,***质量检验测试站,其他/无法识别,95,0.08414730871964893,0.1054900001748297,0.016469482313434564,0.018131315161702095,0.020030009286104072,0.018985727517682988,A,95,0,0.0745,维持
E172,***物流有限公司,交通物流,62,0.14018740936658014,0.13189735194198604,0.18137547305386373,0.2067916186017735,0.2307344241733326,0.21756588110897512,B,68,6,0.15,调增
E173,***贸易有限责任公司,其他/无法识别,97,0.08429750786255634,0.08265510663074468,0.012662573965835804,0.013948279894196072,0.015418386125843401,0.014609827698437371,A,96,-1,0.0745,调减
E174,***工程技术有限公司,建筑房地产,94,0.10154084654324845,0.11619106172489023,0.024806509049971295,0.027837302310116555,0.03129648330691733,0.029393933758676907,A,94,0,0.0745,维持
E175,***食品集团有限公司,其他/无法识别,96,0.10103943431836178,0.23982738896253783,0.009434398800689168,0.010600774630716014,0.011955384153946872,0.011210348916169902,A,96,0,0.0585,维持
E176,***科技有限公司,科技信息服务,90,0.04335950209145192,0.07603966699467965,0.037746534370051835,0.03961339553684711,0.04202973471766332,0.04070074816821441,A,90,0,0.0985,维持
E177,***电力工程有限公司,建筑房地产,93,0.10587588279396706,0.17549267665658963,0.03116055292619517,0.03511219151365547,0.039632665864448864,0.0371464049715125,A,92,-1,0.0745,调减
E178,***贸易有限公司,其他/无法识别,87,0.08643233247477328,0.11121487480834406,0.0687361888430304,0.07544600806281612,0.08305806426525938,0.0788714333539156,A,86,-1,0.1225,调减
E179,***园林有限公司,其他/无法识别,10,0.08687923807368689,0.13941180097888406,0.20117925066692566,0.21782580193591017,0.2362916778215286,0.22613544608443847,B,66,56,0.15,调增
E180,***电气有限公司,其他/无法识别,98,0.10345493374418326,0.2193847691439854,0.005940393940036653,0.0066967606346555065,0.007577754417337109,0.007093207836862228,A,98,0,0.0465,维持
E181,***食品有限公司,其他/无法识别,81,0.09487648308427722,0.15028141036461362,0.09428217088667588,0.10412271679514146,0.11530435010041772,0.10915445178251579,A,80,-1,0.1425,调减
E182,***新材料科技有限公司,科技信息服务,88,0.04532907324579199,0.09177593134360781,0.0584342356130952,0.061390334199244535,0.06521589191832372,0.06311183517283017,A,87,-1,0.1225,调减
E183,***建设工程有限公司,建筑房地产,10,0.1269974692655503,0.2843435059003498,0.308150585040121,0.34031041866884176,0.3752485135885591,0.35603256138271455,B,10,0,0.15,维持
E184,***建筑装饰工程有限公司,建筑房地产,10,0.10601727853863864,0.17240221660961114,0.20253828569823595,0.22312086496209715,0.24584656312964162,0.23334742913749218,B,64,54,0.15,调增
E185,***生态魔芋有限公司,其他/无法识别,86,0.0970113173537113,0.21588026734227256,0.07487136357449742,0.08306670442708063,0.09242853164808015,0.08727952667653041,A,84,-2,0.1425,调减
E186,***建筑劳务有限公司,建筑房地产,10,0.13024458245994025,0.3068281547695306,0.33745375536407035,0.3718718983067294,0.40902382953717525,0.38859026736043006,B,10,0,0.15,维持
E187,个体经营E187 ,其他/无法识别,10,0.09168000032007365,0.17127072644996805,0.23456623792971737,0.2541410238123776,0.27577633365142273,0.2638769132399479,B,10,0,0.15,维持
E188,***硬质合金有限公司,其他/无法识别,91,0.07727904664017904,0.031532091405182726,0.04220339981001554,0.04598214390925775,0.05025627852661588,0.047905504487068915,A,90,-1,0.0985,调减
E189,***石油工程技术服务有限公司,建筑房地产,77,0.10332000163367216,0.1489152726459382,0.11319623085078859,0.12582704045949683,0.14000663005309547,0.1322078557766162,B,75,-2,0.15,调减
E190,***劳务有限公司,其他/无法识别,71,0.10243902434974499,0.27057960329327607,0.15270155645832012,0.16872355312185022,0.18680823208075414,0.176861658653357,B,69,-2,0.15,调减
E191,***商贸有限责任公司,批发零售,99,0.14008502069033113,0.28803641302979516,0.0027103411422026865,0.003191262654841088,0.003733881053605019,0.003435440934284857,A,99,0,0.0465,维持
E192,***建设工程有限公司,建筑房地产,0,0.1254980352298601,0.3085519888348041,0.7591094667539049,0.7842598189195487,0.8089631817574215,0.7953763321965914,D,0,0,0.15,维持
E193,个体经营E193 ,其他/无法识别,94,0.08084971508204393,0.06849114287699487,0.014826450780108535,0.016263219265804835,0.017900429994689472,0.016999964093802923,A,93,-1,0.0745,调减
E194,***文化传播有限公司,其他/无法识别,94,0.0846317300719083,0.09746295596809484,0.015734579542872204,0.01733328973497657,0.019160876234563782,0.018155703659790818,A,93,-1,0.0745,调减
E195,***医药有限公司,医疗健康,96,-0.01589486742967686,0.07043778598189564,0.014072859834954599,0.013824722093881477,0.014521968553178707,0.014138483000565232,A,96,0,0.0745,维持
E196,***地质制图印刷厂,其他/无法识别,91,0.08479007628826024,0.09796223845631755,0.0426118231315852,0.046816809851475995,0.05160242123970004,0.04897033497617682,A,90,-1,0.0985,调减
E197,***医疗设备有限公司,医疗健康,99,-0.016191343264059,0.08914329576111235,0.001405715395999489,0.0013801678430003309,0.0014520328048091818,0.001412507075814314,A,99,0,0.0465,维持
E198,***商贸有限公司,批发零售,10,0.11339772296999757,0.1357681221542892,0.21024232791071143,0.23287919265910317,0.2566804376201431,0.24358975289157114,B,64,54,0.15,调增
E199,***建筑劳务有限公司,建筑房地产,10,0.13332977333504428,0.3635791686595896,0.22001977332487077,0.24772787948862268,0.2785576410882849,0.2616012722084707,B,10,0,0.15,维持
E200,个体经营E200 ,其他/无法识别,73,0.08763909969712064,0.1277197994799322,0.1644502103781288,0.1788813696773399,0.19499718704015762,0.18613348749060787,B,70,-3,0.15,调减
E201,***物流有限责任公司,交通物流,10,0.14820433220074777,0.19026186829339692,0.2974433863874321,0.3344433524684487,0.3683519478258728,0.34970222037928955,B,10,0,0.15,维持
E202,个体经营E202 ,其他/无法识别,10,0.11485489343412783,0.3132510236783705,0.337728718128321,0.36799299384258377,0.40099157098387966,0.3828423535561669,B,10,0,0.15,维持
E203,***建设工程有限公司,建筑房地产,10,0.11534312018271661,0.22314885907540383,0.33654028326366536,0.366898933752582,0.39958944862642165,0.3816096654458099,B,10,0,0.15,维持
E204,***科技发展有限公司,科技信息服务,91,0.042127374882684074,0.06487117523817702,0.029297004246471123,0.03071671796805383,0.03255361639929379,0.03154332226211182,A,90,-1,0.0745,调减
E205,个体经营E205 ,其他/无法识别,90,0.09221343117968789,0.14095646860007333,0.05204664261804337,0.05759712311968689,0.06394165752795862,0.06045216360340917,A,89,-1,0.1225,调减
E206,***建设工程有限公司,建筑房地产,92,0.09912052192990921,0.12042021670736544,0.03370502298432357,0.037675870215281675,0.04219089960549735,0.03970763344087873,A,91,-1,0.0745,调减
E207,个体经营E207 ,其他/无法识别,83,0.10484631558928342,0.2549052312451018,0.0996911911238232,0.11117704687865332,0.12430558109310533,0.11708488727515673,B,81,-2,0.1465,调减
E208,个体经营E208 ,其他/无法识别,85,0.08994935255067625,0.13285024663720257,0.07553292747479419,0.08315973845399535,0.09182485876226527,0.08705904259271682,A,84,-1,0.1425,调减
E209,***工程检测有限公司,建筑房地产,90,0.0936914709849016,0.07968909393620235,0.02729326965721357,0.030344246473958815,0.03380206530303409,0.03190026494704269,A,90,0,0.0745,维持
E210,***建筑工程有限公司,建筑房地产,10,0.13455604273815006,0.33668348257408365,0.5136690536517522,0.5520835517324084,0.5918215522986432,0.569965651987214,C,10,0,0.15,维持
E211,个体经营E211 ,其他/无法识别,76,0.10156410121555391,0.23937248812607007,0.1383596021998417,0.1530226236794574,0.16961314962384105,0.16048836035443004,B,73,-3,0.15,调减
E212,***建电管理咨询有限公司,其他/无法识别,10,0.09301454544571383,0.18944385307953104,0.2830845779121077,0.30539451748573115,0.3298516699509845,0.31640023609509516,B,10,0,0.15,维持
E213,***科技有限公司,科技信息服务,85,0.04332290340996259,0.08232336666976682,0.07460526518060644,0.07814179974215502,0.08270424820577214,0.08019490155078272,A,85,0,0.1425,维持
E214,***建筑工程有限公司,建筑房地产,10,0.09982476804533391,0.13119746610148783,0.2970510407689673,0.3216913048392133,0.34834001794424874,0.33368322573647924,B,10,0,0.15,维持
E215,***建筑工程有限公司,建筑房地产,10,0.11732204018956398,0.24689387802112686,0.46191650957631986,0.495572720494494,0.5308617206219768,0.5114527705518612,C,10,0,0.15,维持
E216,***建设工程有限公司,建筑房地产,83,0.10215077995679744,0.1309853749414451,0.09050376027779598,0.10077398047667094,0.11234721742673087,0.10598193710419793,A,81,-2,0.1425,调减
E217,个体经营E217 ,其他/无法识别,0,0.09291637046100988,0.19882890049873408,0.9858906416305863,0.987286563227346,0.988646723875161,0.9878986355188628,D,0,0,0.15,维持
E218,***建设工程有限公司,建筑房地产,0,0.13459425167669903,0.373493500465908,0.6742703768325556,0.7070521539577527,0.7397104823124475,0.7217484017173654,D,0,0,0.15,维持
E219,***品牌营销策划有限公司,其他/无法识别,72,0.08521552783786944,0.11898857775079343,0.14774434037606282,0.1606159251717549,0.1750106977181459,0.16709357281763088,B,70,-2,0.15,调减
E220,***文化传播有限公司,其他/无法识别,84,0.08932631429651688,0.12421283265190546,0.04838591309950581,0.053396884737748125,0.05911521720272301,0.055970134346986826,A,83,-1,0.1025,调减
E221,***测绘服务有限公司,其他/无法识别,83,0.08471833866686004,0.11172707566059818,0.07041726557334284,0.07713412246858517,0.08474194835331714,0.08055764411671457,A,82,-1,0.1425,调减
E222,***数码科技有限公司,科技信息服务,74,0.045565715755664746,0.13082344006804533,0.1242955965627926,0.13014762314208567,0.13767632425508158,0.13353553864293383,B,73,-1,0.15,调减
E223,***科技有限公司,科技信息服务,81,0.04839892343924852,0.137779248677844,0.08455181400069933,0.08899248190221705,0.09473932918999158,0.09157856318171559,A,81,0,0.1425,维持
E224,***纸业有限公司,其他/无法识别,87,0.08374462765631381,0.08511462410375051,0.07066103260388103,0.07731772445064813,0.08485147163678727,0.08070791068441074,A,86,-1,0.1425,调减
E225,***物业服务有限责任公司***分公司,其他/无法识别,95,0.08367286341650566,0.08471286228415996,0.019077792831698658,0.02098560674157877,0.023163467920087274,0.0219656442719076,A,95,0,0.0745,维持
E226,***建设工程有限公司,建筑房地产,10,0.11727667842346105,0.230483493996644,0.36538639821143176,0.39729471286068363,0.4314508660021443,0.41266498177434097,B,10,0,0.15,维持
E227,***安全技术有限公司,科技信息服务,74,0.0427804322038494,0.07483620306297507,0.14881127593321833,0.1551846988622233,0.16335075074646083,0.15885942221013022,B,73,-1,0.15,调减
E228,***文化发展有限公司,其他/无法识别,82,0.08004844102481774,0.0690708754169935,0.08855993048982576,0.09634632777985018,0.10510866814768176,0.1002893809453744,A,81,-1,0.1425,调减
E229,***家贸易有限公司,其他/无法识别,10,0.10063029237281812,0.1882971733288825,0.2873227746629899,0.3117123527393197,0.338491434275773,0.3237629394307237,B,10,0,0.15,维持
E230,***建筑劳务有限公司,建筑房地产,70,0.13175001250666302,0.33847804772271695,0.17059980928381877,0.1933901040034303,0.21905564526260118,0.2049395975700572,B,66,-4,0.15,调减
E231,***建筑科技有限公司,建筑房地产,10,0.11771286610174911,0.24514374661734528,0.42739471091210807,0.460839846023351,0.4961663560018636,0.47673677551368165,C,10,0,0.15,维持
E232,***投资发展有限责任公司,其他/无法识别,10,0.13396365011001765,0.5071974848115341,0.2160753300691692,0.24356431660878566,0.27461763791235927,0.25753831119539383,B,10,0,0.15,维持
E233,***劳务有限公司,其他/无法识别,0,0.11796614448371709,0.3660018005455728,0.7366631851310653,0.7619220553413638,0.7872058732095805,0.7732997733820614,D,0,0,0.15,维持
E234,***机电设备商贸有限公司,制造业,74,0.08059778983762414,0.09375464328602251,0.15605307650670314,0.16874519452067546,0.18223129155648252,0.17481393818678864,B,72,-2,0.15,调减
E235,个体经营E235 ,其他/无法识别,83,0.10133858614598168,0.21094160142400012,0.08299606918316005,0.09241554202976973,0.10319275635318775,0.09726528847530785,A,82,-1,0.1425,调减
E236,个体经营E236 ,其他/无法识别,0,0.10990511004088693,0.3462147395932711,0.7778783805687536,0.7987724957246811,0.8196112460566933,0.8081499333740867,D,0,0,0.15,维持
E237,个体经营E237 ,其他/无法识别,71,0.10246578551043045,0.24188605914786465,0.15726109866472263,0.17366559006063598,0.1921650551085534,0.18199034933219882,B,69,-2,0.15,调减
E238,个体经营E238 ,其他/无法识别,93,0.08127436255394963,0.07429471034046649,0.02049654214473902,0.022480912312176575,0.02474087413231326,0.023497895131238088,A,92,-1,0.0745,调减
E239,个体经营E239 ,其他/无法识别,10,0.09093282807358517,0.16239398642830388,0.45818277977265687,0.48424060367333577,0.5119387131776826,0.4967047529502918,C,10,0,0.15,维持
E240,个体经营E240 ,其他/无法识别,10,0.1230933275591521,0.41076731107000447,0.5850581597428598,0.6188245639972643,0.653664711046909,0.6345026301696044,C,10,0,0.15,维持
E241,个体经营E241 ,其他/无法识别,10,0.10041332235272586,0.2040577991236667,0.5586110504193402,0.5867930562414202,0.6161908239851761,0.6000220517261103,C,10,0,0.15,维持
E242,个体经营E242 ,其他/无法识别,0,0.09656375202840727,0.2323600920979193,0.9460754613162288,0.9514097519769042,0.9566238742699064,0.9537561070087552,D,0,0,0.15,维持
E243,***科技有限公司,科技信息服务,10,0.050702990505854785,0.18342788022380058,0.2817100987024172,0.2937015671460091,0.30893763762195153,0.3005577988601832,B,10,0,0.15,维持
E244,个体经营E244 ,其他/无法识别,10,0.0925463683155355,0.16048806230630056,0.6038954587135632,0.6289714218270943,0.6549726855014917,0.6406719904805731,C,10,0,0.15,维持
E245,***建筑劳务有限公司,建筑房地产,10,0.10814194034607719,0.1807585237081396,0.492588026823391,0.5236342086986501,0.556006253685535,0.5382016289427483,C,10,0,0.15,维持
E246,***物业服务有限公司,其他/无法识别,10,0.08759776356743364,0.1247520235227915,0.22289538210368728,0.24094010385734602,0.2608897987092573,0.24991746654070612,B,10,0,0.15,维持
E247,***石化有限公司,其他/无法识别,10,0.10157783716236977,0.2181061002743074,0.6231006956330566,0.6500055593358933,0.6777330199131537,0.6624829165956605,C,10,0,0.15,维持
E248,***智能科技有限公司,科技信息服务,10,0.046971879304027825,0.15467053044540263,0.4622313385858212,0.47568770307588226,0.4924776134811646,0.4832431627582593,C,10,0,0.15,维持
E249,***建筑工程有限公司,建筑房地产,0,0.15097729080144598,0.45763106135798876,0.7985641887898559,0.8247066662740798,0.8497726533577966,0.8359863604617525,D,0,0,0.15,维持
E250,***塑料厂,其他/无法识别,10,0.08613014051762286,0.11097132550439259,0.30741047050497944,0.32897516143765476,0.3524683197198519,0.3395470826646435,B,10,0,0.15,维持
E251,***医疗器械有限责任公司,医疗健康,10,-0.018086430879652445,0.19618650126601447,0.5250091371987421,0.5198162508204931,0.5340433460157484,0.526218443658358,C,10,0,0.15,维持
E252,***印务有限公司,其他/无法识别,10,0.08602962021125987,0.1171586445326292,0.4598584288764227,0.48451684493308267,0.5107223346443035,0.49630931530313205,C,10,0,0.15,维持
E253,***钢结构工程有限公司,建筑房地产,10,0.09805001119243893,0.1098592174035275,0.2683170196163498,0.2911569995741016,0.31597738357842614,0.30232617237604764,B,10,0,0.15,维持
E254,***设备安装工程有限公司,建筑房地产,10,0.12336704153454787,0.29262797028374776,0.5208234029317583,0.5559925716667496,0.5923788745711557,0.5723664079737324,C,10,0,0.15,维持
E255,个体经营E255 ,其他/无法识别,10,0.10115957808574136,0.2271932331280655,0.30869806059434235,0.3341725060147336,0.36203075828463854,0.34670871953619087,B,10,0,0.15,维持
E256,***物资有限公司,其他/无法识别,10,0.07973728137509037,0.05695613971788728,0.31323453061440387,0.33336043286880407,0.3552275258606076,0.3432006247151157,B,10,0,0.15,维持
E257,***门窗安装有限公司,其他/无法识别,10,0.08617579846312173,0.12369687958002111,0.614125557797334,0.6372556995931823,0.6612438544081668,0.6480503692599253,C,10,0,0.15,维持
E258,***国际货运有限公司,交通物流,71,0.13671111248333181,0.10792600717055048,0.17490449695641266,0.19899162441558826,0.2216834973248694,0.20920296722476478,B,68,-3,0.15,调减
E259,***文化传媒有限公司,其他/无法识别,10,0.07911723206048307,0.06064297432314515,0.2525512428874197,0.27019532946271463,0.2895400667343755,0.27890046123496204,B,10,0,0.15,维持
E260,***广告有限公司,其他/无法识别,10,0.08238338397577313,0.09193765805093287,0.3384746156286196,0.3600665127587321,0.38345031269263025,0.37058922272898626,B,10,0,0.15,维持
E261,***医疗器械有限公司,医疗健康,82,-0.019123473162729627,0.18894277174241017,0.08423241743163506,0.08257380086909857,0.08723768357395234,0.08467254808628277,A,82,0,0.1425,维持
E262,个体经营E262 ,其他/无法识别,10,0.09347145066474362,0.1787409954112568,0.564596928336663,0.590753432488525,0.6180497175009149,0.6030367607441005,C,10,0,0.15,维持
E263,***通信工程有限公司,建筑房地产,10,0.12151727167686105,0.2816725787601576,0.5851700581350164,0.6185008138067865,0.6525223504650423,0.6338105053030016,C,10,0,0.15,维持
E264,个体经营E264 ,其他/无法识别,10,0.10343035730206743,0.25738262356309183,0.6616338273757166,0.6875971808729723,0.7141478604996878,0.6995449867049943,D,0,-10,0.15,退出
E265,***净化工程有限公司,建筑房地产,10,0.1012916713971873,0.12755799231622353,0.217685765202685,0.238332179866099,0.2610123177013724,0.24853824189197204,B,19,9,0.15,调增
E266,***煤矿机械有限公司,制造业,10,0.11393930674951747,0.349649631573654,0.5061394277919682,0.5387766510583205,0.5715891804013873,0.5535422892627007,C,10,0,0.15,维持
E267,***林园艺场,其他/无法识别,10,0.10873211936473381,0.32066735160614174,0.6645511962289269,0.6916801441968193,0.7193489426617927,0.7041311035060573,D,0,-10,0.15,退出
E268,***建筑劳务有限公司,建筑房地产,10,0.12042840683295566,0.26886099105688177,0.5626993872026712,0.5963170514194933,0.6308050790274587,0.6118366638430778,C,10,0,0.15,维持
E269,***节能服务有限公司,其他/无法识别,0,0.12024607262177031,0.3917403381853356,0.8055133202148047,0.826062189486336,0.8463148045091188,0.8351758662465882,D,0,0,0.15,维持
E270,个体经营E270 ,其他/无法识别,10,0.10031179955390022,0.21319882848974672,0.46996109022359145,0.4987619933907184,0.5293021847138416,0.5125050794861239,C,10,0,0.15,维持
E271,***科技有限公司,科技信息服务,10,0.0463622035492964,0.14536541284256216,0.40248216813661714,0.4153855554410325,0.4315730001077725,0.42266990554106554,B,10,0,0.15,维持
E272,个体经营E272 ,其他/无法识别,10,0.08761604463951314,0.12758525874173926,0.32256215867274357,0.34504122065127923,0.3694784041808528,0.3560379532395873,B,10,0,0.15,维持
E273,个体经营E273 ,其他/无法识别,81,0.09171456325823318,0.1502334811847613,0.052638599092696255,0.05821608587976174,0.06458823514392824,0.06108355304863667,A,80,-1,0.1225,调减
E274,***建筑劳务有限公司,建筑房地产,10,0.13387331559384524,0.37410632639509755,0.5371487376409073,0.575018770209568,0.6139798803130897,0.5925512697561528,C,10,0,0.15,维持
E275,***网络工程有限公司,建筑房地产,10,0.10769257454663629,0.18997011636713274,0.6449370750405505,0.6726161325576638,0.70065499108295,0.6852336188940427,D,0,-10,0.15,退出
E276,***体育设施工程有限公司,建筑房地产,10,0.1195667913249198,0.27690904888602025,0.4447868247416641,0.4789677903000804,0.5149360085030524,0.4951534884914178,C,10,0,0.15,维持
E277,***消防设备制造有限公司,制造业,10,0.09932630442663493,0.20418887123016752,0.658246760147957,0.6833385229676269,0.7079481666029592,0.6944128626035264,D,0,-10,0.15,退出
E278,***贸易有限公司,其他/无法识别,10,0.08881415634172875,0.14724847551820663,0.6512644655709927,0.6739960614394609,0.6974126269527374,0.6845335159204353,D,0,-10,0.15,退出
E279,***环保包装有限公司,其他/无法识别,10,0.10997652760124454,0.26424819652385667,0.621806568100476,0.650929691093718,0.680867906246348,0.6644018879124016,C,10,0,0.15,维持
E280,个体经营E280 ,其他/无法识别,10,0.08020957246894903,0.061456175970522026,0.4130428218239602,0.4355996250401126,0.45974231533860876,0.4464638356744359,C,10,0,0.15,维持
E281,***商业管理有限责任公司,其他/无法识别,10,0.09448087303104215,0.15706910369001958,0.26170344398750717,0.2833514211390544,0.30718695347845903,0.2940774106917865,B,10,0,0.15,维持
E282,***影城有限公司***分公司,其他/无法识别,10,0.0981855824527389,0.18650708423392615,0.3764805146852228,0.40339745751890094,0.4324389583755593,0.4164661329043972,B,10,0,0.15,维持
E283,***机械铸造有限责任公司,制造业,10,0.08080989758157503,0.08168921882397961,0.42660487810089226,0.44950011554496866,0.47286788653534984,0.4600156124906402,C,10,0,0.15,维持
E284,***成焊科技有限公司,科技信息服务,10,0.04745906101143072,0.12106204047928767,0.539827245859699,0.5533398512720346,0.5700796540665565,0.5608727625295695,C,10,0,0.15,维持
E285,个体经营E285 ,其他/无法识别,10,0.09176012139209906,0.18866573351565474,0.6217596898872217,0.6461517103877029,0.6713744978563624,0.6575019647485998,C,10,0,0.15,维持
E286,***印务有限公司,其他/无法识别,0,0.08975940620640274,0.1526545068546592,0.7450731386666525,0.7640620978989371,0.7833251895368345,0.772730489135991,D,0,0,0.15,维持
E287,***鞋材有限公司,其他/无法识别,10,0.08309947484623367,0.08388439280501758,0.6324207416673309,0.6542674631944179,0.6768827455803854,0.6644443402681033,C,10,0,0.15,维持
E288,个体经营E288 ,其他/无法识别,10,0.0897545417444173,0.13901744557410886,0.5084594999108824,0.5341879269733149,0.5613085082135566,0.5463921885314237,C,10,0,0.15,维持
E289,***运业有限公司***分公司,其他/无法识别,10,0.08468949760455398,0.09238415409756837,0.2328663536905511,0.25081656077740677,0.2706035375130359,0.2597207003084399,B,10,0,0.15,维持
E290,***机电有限公司,其他/无法识别,10,0.08607841742267414,0.1191708139149538,0.6086166068357325,0.6318559394093687,0.6559787603893189,0.6427112088503464,C,10,0,0.15,维持
E291,***文业建设工程有限公司,建筑房地产,0,0.17995047337301168,0.6723386374702972,0.8058632008644939,0.8357276628927072,0.8637794803542139,0.8483509807503853,D,0,0,0.15,维持
E292,***物流有限公司,交通物流,10,0.14871633891726949,0.16437860848348704,0.3980227125130238,0.43970302800612726,0.4769174596773464,0.4564495222581759,C,10,0,0.15,维持
E293,***物资有限公司,其他/无法识别,10,0.13224125407956902,0.4605712924392418,0.5058029304971172,0.5436454975812619,0.5833398300786887,0.561507947205104,C,10,0,0.15,维持
E294,个体经营E294 ,其他/无法识别,10,0.08485028268598803,0.10852252312759311,0.40451442059832504,0.42825780688549525,0.4537141036758995,0.43971314044117715,C,10,0,0.15,维持
E295,***电器设备制造有限公司,制造业,10,0.08298988760793968,0.1267751952858706,0.5233733657403496,0.5470837160309869,0.5709406847816458,0.5578193519687835,C,10,0,0.15,维持
E296,***装饰设计工程有限公司,建筑房地产,10,0.11708241610302302,0.2430264467004914,0.653328296989531,0.6829834361390784,0.7128714114599897,0.6964330250334885,D,0,-10,0.15,退出
E297,***建筑机械租赁有限公司,建筑房地产,10,0.14456321239660014,0.40214288350222877,0.5679188877569715,0.6079839387366732,0.6487929977782443,0.6263480153053802,C,10,0,0.15,维持
E298,***电器维护服务有限公司,其他/无法识别,0,0.0938725196308286,0.17298984899307382,0.6976062619645453,0.7197626795958149,0.7423681491684346,0.7299351409034938,D,0,0,0.15,维持
E299,***压缩天然气有限责任公司,其他/无法识别,10,0.103662050049697,0.22827508875631378,0.23034384399265623,0.25230542393298466,0.2767200371555133,0.2632919998831226,B,10,0,0.15,维持
E300,***建设工程有限公司,建筑房地产,10,0.11175505728887207,0.22799539693134724,0.5282224985530469,0.560025945176577,0.5929408855677971,0.5748376683526262,C,10,0,0.15,维持
E301,***企业管理咨询有限公司,其他/无法识别,69,0.085595074781909,0.11389577983405545,0.1653883268027659,0.17953223458140605,0.19530650629969626,0.18663065685463665,B,66,-3,0.15,调减
E302,***机电设备有限公司,制造业,10,0.08725616236659384,0.1655272868971538,0.5083372235590484,0.5333532513992445,0.5585692045551859,0.5447004303194181,C,10,0,0.15,维持
E303,***图书发行有限公司,其他/无法识别,10,0.10184083561961702,0.26052659046624077,0.5105608758047665,0.5397229348934555,0.5704079732200047,0.5535312021404026,C,10,0,0.15,维持
E304,***环保科技有限公司,科技信息服务,10,0.046011847834145615,0.11441461883524401,0.3033814891653366,0.3147130862815845,0.32905675719319444,0.321167738191809,B,10,0,0.15,维持
E305,***劳务有限公司,其他/无法识别,10,0.11764884370361138,0.388328626410929,0.4218557065737626,0.4551961367618791,0.49088998165790027,0.4712583669650886,C,10,0,0.15,维持
E306,个体经营E306 ,其他/无法识别,10,0.09485561384656134,0.19624924320657763,0.31313685463183927,0.33716059291534783,0.3633676955780589,0.34895378911356784,B,10,0,0.15,维持
E307,***通信工程有限公司,建筑房地产,10,0.14868518671336922,0.5005937325400843,0.6618134263949013,0.6986593295664443,0.7352576150655235,0.7151285580410299,D,0,-10,0.15,退出
E308,***餐饮文化服务有限公司,住宿餐饮及生活服务,10,0.20995149981203998,0.1145925764016141,0.43962487873163053,0.49968728515553207,0.5431447127702846,0.5192431275821707,C,10,0,0.15,维持
E309,个体经营E309 ,其他/无法识别,10,0.08721944339775542,0.1334512457870412,0.5412306414880408,0.5659728578542278,0.5919240869702118,0.5776509109564206,C,10,0,0.15,维持
E310,***律师事务所,其他/无法识别,10,0.08297058160861517,0.0998507205171334,0.2109312983261784,0.22735013053080885,0.2454997986553045,0.2355174811868319,B,62,52,0.15,调增
E311,***律师事务所,其他/无法识别,10,0.07967654625001562,0.06006307203223779,0.3244115713923162,0.3448739831799354,0.36706859623883425,0.3548615590564399,B,10,0,0.15,维持
E312,***家居用品有限公司,其他/无法识别,68,0.08431556301890919,0.09104708291248124,0.15363461999261205,0.16677088449855493,0.18143933594434072,0.17337168764915856,B,66,-2,0.15,调减
E313,***物流有限公司,交通物流,10,0.1438229459778154,0.13282789238653403,0.38557598089432055,0.42551441918156613,0.4612765007724557,0.44160735589746647,C,10,0,0.15,维持
E314,***房地产营销策划有限公司,建筑房地产,10,0.12513941051491725,0.29011412911666085,0.30687030978482177,0.33848023254273607,0.37281660203557104,0.35393159881451186,B,10,0,0.15,维持
E315,***轮胎有限公司,其他/无法识别,10,0.08501772712626472,0.10281563565090131,0.5474563126070515,0.5715073286683803,0.5967182580726326,0.5828522469002938,C,10,0,0.15,维持
E316,个体经营E316 ,其他/无法识别,10,0.10521878275483523,0.26498485292127727,0.6363137366113312,0.6637030028340266,0.6918257526490063,0.6763582402507675,D,0,-10,0.15,退出
E317,***科技有限公司,科技信息服务,10,0.04872383704774558,0.18430387749799393,0.6096911000473051,0.6229119665534695,0.6391803192783576,0.6302327252796691,C,10,0,0.15,维持
E318,***商贸有限公司,批发零售,10,0.12424914345028928,0.18145213973114976,0.5016408659971165,0.5372484870954924,0.5723954592112177,0.5530646245475688,C,10,0,0.15,维持
E319,个体经营E319 ,其他/无法识别,10,0.08145090788946506,0.07610165101967774,0.5469061910328319,0.5699625904121072,0.5941478859028954,0.5808459733829618,C,10,0,0.15,维持
E320,***建筑设计有限公司,建筑房地产,10,0.16334593204538633,0.580903186512978,0.6660520129289212,0.7060784599851477,0.7455426014082426,0.7238373236255404,D,0,-10,0.15,退出
E321,***生物流有限公司,医疗健康,10,-0.020032967640758542,0.22859566100545353,0.2863445110474093,0.28169373962481115,0.2946226637158374,0.287511755465773,B,10,0,0.15,维持
E322,***装饰工程设计有限公司,建筑房地产,10,0.1045216476353204,0.13930439136075906,0.3724365079276214,0.4010148278890457,0.43151244348902684,0.4147387549090372,B,10,0,0.15,维持
E323,***建筑装饰工程有限公司,建筑房地产,0,0.12067029744811537,0.27433730058533845,0.7851548072770654,0.8074114032283077,0.829215870166194,0.8172234133503566,D,0,0,0.15,维持
E324,***汽贸有限公司,其他/无法识别,10,0.09883630968637046,0.18728845694581994,0.4248116269933241,0.4528250195910813,0.4827809248419329,0.46630517695396456,C,10,0,0.15,维持
E325,***通讯器材有限公司,其他/无法识别,82,0.099991040940779,0.18751770523764352,0.0707714579864312,0.07881101724373187,0.08802312146063508,0.08295646414133831,A,80,-2,0.1425,调减
E326,***包装材料有限公司,制造业,0,0.08287799306480126,0.10132944690441466,0.6842631243347803,0.7043941046509772,0.724182253855867,0.7132987717931776,D,0,0,0.15,维持
E327,个体经营E327 ,其他/无法识别,0,0.11316165508572365,0.287911079341768,0.6705428808154168,0.6984640611374089,0.7268555755578618,0.7112402426266127,D,0,0,0.15,维持
E328,***科技有限公司,科技信息服务,10,0.05081544201398102,0.21798648269898593,0.5026497124634041,0.5172471163781804,0.5353890624336233,0.5254109921031298,C,10,0,0.15,维持
E329,***园艺有限责任公司,其他/无法识别,0,0.10716311246387318,0.30056314988531235,0.6699343548655743,0.6964460534154325,0.7234746461623944,0.7086089201515654,D,0,0,0.15,维持
E330,***酒店管理有限公司,住宿餐饮及生活服务,64,0.21539886463423016,0.10367219142987799,0.1764276286394941,0.2157398528517911,0.24707728240242827,0.22984169614957783,B,59,-5,0.15,调减
E331,***广告有限公司,其他/无法识别,0,0.1029950929593662,0.27473146044175395,0.7966552046866515,0.8150177405965429,0.8333446649487117,0.8232648565550189,D,0,0,0.15,维持
E332,***商贸有限公司,批发零售,10,0.15087096229791608,0.33722007692854805,0.5149112576698207,0.5579300797911968,0.6000826829029176,0.5768987511914712,C,10,0,0.15,维持
E333,***房地产营销策划有限公司,建筑房地产,10,0.1254909350273836,0.2762090594108654,0.618800183043521,0.6520302093681428,0.6856641371803824,0.6671654768836507,C,10,0,0.15,维持
E334,***机械科技有限公司,科技信息服务,10,0.060410820319729955,0.30010254760887173,0.5565118672575662,0.5735566178905195,0.5945928479460828,0.583022921415523,C,10,0,0.15,维持
E335,***挖掘机租赁经营部,其他/无法识别,10,0.11731103859532498,0.38317795028901924,0.6307109163414379,0.6613879461090335,0.6927875009321444,0.6755177457794335,D,0,-10,0.15,退出
E336,***猕猴桃专业合作社,其他/无法识别,0,0.1522996829430074,0.6750557273559441,0.697458076732743,0.7327678015156625,0.7678174656004352,0.7485401503538103,D,0,0,0.15,维持
E337,个体经营E337 ,其他/无法识别,10,0.09651831280122405,0.21372650725546918,0.6110387109187937,0.6369797111304403,0.6638139619518235,0.6490551240000628,C,10,0,0.15,维持
E338,***商贸有限公司,批发零售,0,0.12450524278751954,0.2020887644070501,0.6729175558189487,0.7034374460050197,0.7324455580104464,0.7164910964074618,D,0,0,0.15,维持
E339,***居益卫浴家俬厂,其他/无法识别,10,0.08992534568309547,0.14253724441581705,0.6256166704047756,0.6494214479153076,0.67403571923346,0.6604978700084763,C,10,0,0.15,维持
E340,***物流有限公司,交通物流,10,0.20551236462510353,0.4723172001642266,0.5040892983760468,0.5626624282285501,0.6131055503065378,0.5853618331636445,C,10,0,0.15,维持
E341,***纺织品有限公司,其他/无法识别,10,0.11511846534176193,0.32050727963267805,0.29214205259980586,0.3204059799428941,0.3515388604476427,0.334415776170031,B,10,0,0.15,维持
E342,***裕华机械厂,制造业,0,0.09001689371796692,0.1698238785317756,0.8253897862009065,0.8396977956924719,0.8534219704532231,0.84587367433481,D,0,0,0.15,维持
E343,***五金工具经营部,其他/无法识别,10,0.1368426228570287,0.4922203349590193,0.3730086772319764,0.41059999011200793,0.4513682461316517,0.42894570532084764,C,10,0,0.15,维持
E344,***机械有限公司,制造业,10,0.09558039150483798,0.23372057187897158,0.4949702079201025,0.5224162169149822,0.5501202866575611,0.5348830482991427,C,10,0,0.15,维持
E345,***科技有限公司,科技信息服务,0,0.04895793717558243,0.17055061320927417,0.6804358905365395,0.6925120376093022,0.7072726070522661,0.699154293858636,D,0,0,0.15,维持
E346,个体经营E346 ,其他/无法识别,10,0.08230946026700028,0.08100583339447992,0.506377966341557,0.529988904100306,0.5549048338623911,0.5412010724932443,C,10,0,0.15,维持
E347,***不锈钢材料有限公司,制造业,0,0.08257178189067672,0.11793645934137403,0.8563123681071828,0.8675179874777772,0.878270584400591,0.8723566560930435,D,0,0,0.15,维持
E348,***酒店管理有限公司,住宿餐饮及生活服务,10,0.20911977078701807,0.09248183037680943,0.3093020670185349,0.36312328889883877,0.40387684716372396,0.3814623901180371,B,10,0,0.15,维持
E349,***营销策划广告有限公司,其他/无法识别,0,0.11776136492673726,0.3828296086924832,0.774037613539832,0.7966405027774492,0.8190959614206763,0.8067454591669014,D,0,0,0.15,维持
E350,***演艺设备有限公司,制造业,10,0.0894074364143203,0.18598033540205058,0.6456394616631221,0.6687036289144865,0.6914510866686382,0.6789399849038549,D,0,-10,0.15,退出
E351,***文化传播有限公司,其他/无法识别,10,0.11998551896050766,0.42182752445385835,0.5771701224593174,0.6103176871115205,0.6446075230244711,0.6257481132723484,C,10,0,0.15,维持
E352,***居装饰工程有限公司,建筑房地产,10,0.09757129767453576,0.10026753769627851,0.5006431171150533,0.5286383804643999,0.5578160127741499,0.5417683150037875,C,10,0,0.15,维持
E353,***税务师事务所有限公司,其他/无法识别,0,0.0858056155479141,0.12367551759967738,0.688946663289689,0.7095918431258844,0.7307590903285726,0.7191171043670941,D,0,0,0.15,维持
E354,***广告有限公司,其他/无法识别,10,0.1028821550017815,0.2557296197860572,0.5398074681979784,0.5689690400564724,0.5994804061370738,0.582699154792743,C,10,0,0.15,维持
E355,***地毯经营部,其他/无法识别,10,0.12576516001639648,0.42963329400435396,0.23580037439263837,0.263067853947307,0.2936132512521363,0.2768132827344802,B,10,0,0.15,维持
E356,***建材装饰部,建筑房地产,10,0.17498210940966474,0.5935566164101711,0.6457247074941117,0.6898886186508496,0.7334685724339506,0.709499597853245,D,0,-10,0.15,退出
E357,***家居经营部,其他/无法识别,10,0.114511265742796,0.33671660415207877,0.4553759227450437,0.48818767339562585,0.5230612406594134,0.5038807786643302,C,10,0,0.15,维持
E358,***五金经营部,其他/无法识别,10,0.12797937271942267,0.4348474872800925,0.32978594090142394,0.36324228429795374,0.3998803241111087,0.37972940221387347,B,10,0,0.15,维持
E359,***厨房用品经营部,其他/无法识别,10,0.12329179097888907,0.39275798920047567,0.31090357586005585,0.3422232316743423,0.37664480336995526,0.35771293893736816,B,10,0,0.15,维持
E360,***建筑劳务有限公司,建筑房地产,0,0.174444709446031,0.5899418215713609,0.8089763447413865,0.837624710417509,0.8646078499162786,0.8497671231919554,D,0,0,0.15,维持
E361,***勘察设计工程有限公司,建筑房地产,0,0.11355289336084876,0.2244418981548962,0.7975202934733295,0.8175925924754741,0.8372935063629915,0.826458003724857,D,0,0,0.15,维持
E362,***建材有限公司,建筑房地产,0,0.12612508827644436,0.35066052527679736,0.894049164610437,0.9068479871078585,0.9190676285485085,0.9123468257561511,D,0,0,0.15,维持
E363,***建筑工程设计有限公司,建筑房地产,0,0.11934283574082925,0.2677853144854046,0.8691344297081262,0.8837883110048822,0.8979194978136003,0.8901473450688053,D,0,0,0.15,维持
E364,***电子有限公司,科技信息服务,10,0.048556175113283744,0.1738305116974781,0.6126534679816313,0.6257899786134001,0.6419507847416644,0.6330623413711192,C,10,0,0.15,维持
E365,***信息技术有限公司,科技信息服务,0,0.07102015476898153,0.5532514985256918,0.6996040261164852,0.7163936077402834,0.7366776529281439,0.7255214280748207,D,0,0,0.15,维持
E366,***房地产经纪有限公司,建筑房地产,10,0.15690442260527468,0.4867627256141892,0.30848357463546133,0.3485090762372997,0.39226808376411443,0.36820062962436634,B,10,0,0.15,维持
E367,***电子商务有限公司,科技信息服务,10,0.07471725621149802,0.5935155725458809,0.5357594672607994,0.55701842169832,0.5832637956328669,0.5688288399688661,C,10,0,0.15,维持
E368,***通信科技有限责任公司,科技信息服务,0,0.06404041225301693,0.4462741540125893,0.9170840888251716,0.9224654229466086,0.9288204899269538,0.9253252030877639,D,0,0,0.15,维持
E369,***网络技术有限公司,科技信息服务,0,0.04979121184294768,0.17923858230827722,0.8129977304880295,0.8215004523444219,0.8317607242197385,0.8261175746883145,D,0,0,0.15,维持
E370,***设计服务部,其他/无法识别,10,0.10670586154681701,0.2784192338683241,0.41494471987109766,0.44505397476819514,0.4773232016451756,0.45957512686283636,C,10,0,0.15,维持
E371,***自动化科技有限公司,科技信息服务,0,0.05718437859891119,0.33753934140162273,0.9270644473411195,0.9313519551077303,0.936439005877339,0.9336411279540542,D,0,0,0.15,维持
E372,***汽车维修有限责任公司,其他/无法识别,0,0.08733406681567195,0.12537399397139834,0.6792891424037312,0.7006659294347908,0.7226020865865339,0.7105372001530752,D,0,0,0.15,维持
E373,个体经营E373 ,其他/无法识别,0,0.10274878184968061,0.2677009275527041,0.6873810641347632,0.7120533320519109,0.7371718944347084,0.7233566851241698,D,0,0,0.15,维持
E374,***建材经营部,建筑房地产,10,0.15352190929782636,0.494078331703244,0.5168853194428445,0.560602855661339,0.6056426805893698,0.5808707768789529,C,10,0,0.15,维持
E375,***电器经营部,其他/无法识别,10,0.12004728718257787,0.3670375860230776,0.24217219911026355,0.26859790105384995,0.2980901403972479,0.28186940875837907,B,10,0,0.15,维持
E376,***建筑装饰设计有限责任公司,建筑房地产,0,0.16189801227363781,0.5707052326582586,0.85029579037202,0.8721339541634707,0.8926509598857337,0.8813666067384891,D,0,0,0.15,维持
E377,***文化传播有限公司,其他/无法识别,0,0.10305523867364123,0.28506658925458933,0.8772720206010882,0.8893495976498537,0.9012320683544327,0.8946967094669143,D,0,0,0.15,维持
E378,***商贸有限公司,批发零售,10,0.12973727028995755,0.25072471970889065,0.5206606628200153,0.557642076376976,0.5939573000419003,0.5739839270261919,C,10,0,0.15,维持
E379,***药业有限公司,医疗健康,0,-0.019781146204910238,0.23708838384362274,0.8716063987435217,0.8690077140885467,0.8759799203209147,0.8721452068931124,D,0,0,0.15,维持
E380,***建材有限公司,建筑房地产,0,0.16983619886604462,0.5949160745189963,0.8209721937791934,0.8474862763328919,0.8724532020691843,0.8587213929142234,D,0,0,0.15,维持
E381,***通信网络工程有限公司,建筑房地产,10,0.10719133660108474,0.18092360226250637,0.5744530337366569,0.6041792343857186,0.6346977842956684,0.617912581845196,C,10,0,0.15,维持
E382,***教育信息咨询有限公司***分公司,科技信息服务,10,0.05549387008137561,0.26941364544563184,0.407168979998152,0.4226826121335165,0.4421581116053677,0.4314465868958496,C,10,0,0.15,维持
E383,***通讯器材经营部,其他/无法识别,0,0.15921104229979868,0.7120962354227245,0.7274516507931186,0.761840958089673,0.7955825686006406,0.7770246828196085,D,0,0,0.15,维持
E384,个体经营E384 ,其他/无法识别,0,0.1109421227360346,0.31334843191147843,0.8504408558092306,0.8657960140571733,0.8808905353323074,0.8725885486309837,D,0,0,0.15,维持
E385,***装饰工程有限公司,建筑房地产,0,0.12779894916420198,0.332020888343044,0.9545794591981328,0.9604509111252132,0.9659804340052517,0.9629391964212306,D,0,0,0.15,维持
E386,个体经营E386 ,其他/无法识别,0,0.09809912919220881,0.21355541014240864,0.8084418822516594,0.8251711509444636,0.8418848030223619,0.8326922943795179,D,0,0,0.15,维持
E387,***农副产品经营部,其他/无法识别,10,0.1408857854886042,0.5171154453002852,0.5658746224046214,0.6050117376297288,0.6453827906643516,0.6231787114953091,C,10,0,0.15,维持
E388,***商贸有限公司,批发零售,10,0.11759063840120466,0.1425548228233712,0.41058631402234314,0.4437096571764848,0.47707831499754505,0.458725553195962,C,10,0,0.15,维持
E389,***清洁服务有限公司,其他/无法识别,10,0.1440530670719129,0.5302980842437639,0.41823805969339584,0.45905889666292976,0.5028145820618937,0.47874895509246357,C,10,0,0.15,维持
E390,***建筑工程有限公司,建筑房地产,0,0.15119599769775094,0.45464575891764764,0.8820302923905357,0.8986887819847152,0.9143377611111544,0.9057308225916129,D,0,0,0.15,维持
E391,***五金店,其他/无法识别,10,0.1081375019990328,0.30219176439918705,0.5813543613215002,0.6111821176005634,0.64210653027698,0.6250981033049509,C,10,0,0.15,维持
E392,***科技有限公司,科技信息服务,10,0.04788817332754671,0.16201715230373473,0.6177651542300033,0.6306535890952283,0.6465046332253205,0.6377865589537699,C,10,0,0.15,维持
E393,***商贸有限责任公司,批发零售,10,0.12867710602383445,0.20655792323628605,0.3794967803945166,0.4149968070611447,0.4510429448459201,0.43121756906429365,C,10,0,0.15,维持
E394,***环保设计研究院（有限合伙）,其他/无法识别,0,0.09618939085059758,0.2194054887791812,0.8599773436286733,0.8726592826693743,0.8852362938597441,0.8783189377050408,D,0,0,0.15,维持
E395,***网络科技有限公司,科技信息服务,0,0.05303192299294263,0.23788856369644013,0.8935976714247984,0.8992179063196536,0.9059318865276986,0.902239197413274,D,0,0,0.15,维持
E396,***文化传播有限公司,其他/无法识别,0,0.09817555431334059,0.23686187967656544,0.8646204458749709,0.8771822748898901,0.8896127006255311,0.8827759664709286,D,0,0,0.15,维持
E397,***大闸蟹经营部,其他/无法识别,0,0.1379892052144886,0.5798380607337813,0.8782509826575119,0.8940133655839779,0.9091147917448764,0.9008090073563824,D,0,0,0.15,维持
E398,***医疗管理咨询有限公司,医疗健康,0,-0.022785958354426053,0.359887920306986,0.7548653862602777,0.7499373828164534,0.7632207513404029,0.7559148986522306,D,0,0,0.15,维持
E399,***装饰工程有限公司,建筑房地产,0,0.1258669722032758,0.3057738336371564,0.7623608197103672,0.7873338770279817,0.8118412803771492,0.7983622085351072,D,0,0,0.15,维持
E400,***办公用品经营部,其他/无法识别,0,0.12112503884189835,0.4334635927916723,0.6730122731122673,0.7027063537892818,0.7327837251663823,0.7162411709089771,D,0,0,0.15,维持
E401,***遮阳技术发展中心,科技信息服务,0,0.06255717605902103,0.4187571921852938,0.982468753325184,0.9836536634284387,0.9850442780867691,0.9842794400246875,D,0,0,0.15,维持
E402,***商贸有限公司,批发零售,10,0.1736663884513422,0.4765708524016769,0.32398421761261975,0.3694015466435783,0.41652027081323134,0.3906049725199222,B,10,0,0.15,维持
E403,***机械有限公司,制造业,0,0.09195596965997774,0.1922967450460039,0.8725933635493933,0.8837930603694482,0.8944450259353054,0.8885864448740839,D,0,0,0.15,维持
E404,个体经营E404 ,其他/无法识别,0,0.12654873541405845,0.4921674253267755,0.9800874885901303,0.9826987107103408,0.9851690046201262,0.9838103429697443,D,0,0,0.15,维持
E405,***职业技能服务有限公司,其他/无法识别,0,0.15031095240228254,0.6816184628807239,0.9791589894922079,0.9823531705551705,0.9853111033437669,0.9836842403100389,D,0,0,0.15,维持
E406,***招投标代理有限公司,其他/无法识别,0,0.10878858178893114,0.327935799010878,0.8793445244583961,0.8918663758014035,0.9041285426138259,0.8973843508669936,D,0,0,0.15,维持
E407,***装饰工程有限公司,建筑房地产,0,0.13169223068456767,0.36312381829492874,0.7016360121148493,0.7320845735049891,0.7622706103095614,0.7456682900670467,D,0,0,0.15,维持
E408,***空调制冷有限责任公司,其他/无法识别,0,0.10439117826767826,0.27318465320430035,0.8609933212810317,0.8746137679883713,0.8880397625879571,0.8806554655581851,D,0,0,0.15,维持
E409,***塑胶有限公司,其他/无法识别,10,0.10712264122800202,0.3016562385019607,0.6323410451158612,0.6603587286570513,0.6891293462424143,0.6733055065704647,D,0,-10,0.15,退出
E410,***网络科技有限公司,科技信息服务,10,0.05400516345368661,0.2510368511736771,0.3029764145679828,0.3162965101610983,0.33320278590515584,0.32390433424592424,B,10,0,0.15,维持
E411,***机电设备有限公司,制造业,10,0.11498478704680527,0.40125651241453947,0.5964013419503467,0.627661135753817,0.6585169508267286,0.6415462525366272,C,10,0,0.15,维持
E412,***汽车贸易有限公司,其他/无法识别,0,0.09018573778753289,0.1623782000503983,0.6946915553056277,0.7161248619288928,0.7380387899071771,0.7259861295191208,D,0,0,0.15,维持
E413,***石材工艺品有限公司,其他/无法识别,0,0.1188819389432986,0.4052358340012027,0.8661719047248959,0.8810719506353909,0.8955906859414537,0.8876053815231193,D,0,0,0.15,维持
E414,***物流有限责任公司***分公司,交通物流,0,0.19751238721029318,0.45002978735761967,0.9510697229241473,0.9604497475542346,0.967514417351019,0.9636288489627876,D,0,0,0.15,维持
E415,***广告设计服务部,其他/无法识别,76,0.11623746010788044,0.3269635396300914,0.11108404026968091,0.12515569404771626,0.14132318511795516,0.13243106502932378,B,74,-2,0.15,调减
E416,***科技有限公司,科技信息服务,10,0.07864194895171901,0.6292449911872211,0.5743744170633092,0.5962610521481654,0.623107197321421,0.6083418174761304,C,10,0,0.15,维持
E417,***园林景观工程有限公司,建筑房地产,0,0.14718464669713854,0.4675337869887395,0.8549665701608032,0.8744336209491366,0.8928934224825216,0.8827405316391599,D,0,0,0.15,维持
E418,***营销策划有限公司,其他/无法识别,0,0.11403690706790184,0.37859216231831916,0.9196586357475384,0.9287198084055001,0.9374898582766272,0.9326663308475074,D,0,0,0.15,维持
E419,***科技有限公司,科技信息服务,10,0.06572374997645691,0.3902472780669075,0.31408239383747766,0.33065393957358213,0.3517358618059973,0.340140804578169,B,10,0,0.15,维持
E420,***康药房,医疗健康,10,-0.01701266219347309,0.11772861896281922,0.5346148331017342,0.5297395229522661,0.543090963891887,0.5357476713750955,C,10,0,0.15,维持
E421,***保温材料有限公司,制造业,10,0.1360397643512433,0.5565847546594979,0.514303579620269,0.5531355107652621,0.5919840221762406,0.5706173409002024,C,10,0,0.15,维持
E422,***童装店,其他/无法识别,10,0.11868274694384544,0.38707754360164076,0.5638179112913941,0.5969376895620843,0.6313090986994107,0.6124048236738812,C,10,0,0.15,维持
E423,***通风设备有限公司,制造业,10,0.11845001205099538,0.4166688336884787,0.6032187821183808,0.6351832975542877,0.6666598596656786,0.6493477505044136,C,10,0,0.15,维持
E424,***贸易有限公司,其他/无法识别,0,0.1480049755894326,0.6225764068317484,0.8151904061619375,0.839169298178118,0.8623238720672526,0.8495888564282286,D,0,0,0.15,维持
E425,***商贸有限公司,批发零售,0,0.15946623799812967,0.41322847651918043,0.9592793597942217,0.965765289266728,0.9713995231103572,0.9683006944963611,D,0,0,0.15,维持
