企业代号,企业名称,CORAL平均违约风险,预测不确定性,修正违约风险,预测信誉评级,是否放贷,贷款额度_万元,贷款年利率,客户流失率,预期损失_万元,预期净收益_万元
E124,个体经营E124 ,2.998746665358836e-05,8.653191360930509e-05,0.001,A,是,99,0.0465,0.135727183124787,0.05133780532238765,3.92336342725017
E125,个体经营E125 ,7.011350633936653e-06,2.6953798494180008e-05,0.001,A,是,99,0.0465,0.135727183124787,0.05133780532238765,3.92336342725017
E126,个体经营E126 ,9.184426292747638e-06,3.210038841552431e-05,0.001,A,是,99,0.0465,0.135727183124787,0.05133780532238765,3.92336342725017
E127,个体经营E127 ,8.680848607899274e-05,0.0003022358919642631,0.001,A,是,99,0.0465,0.135727183124787,0.05133780532238765,3.92336342725017
E129,个体经营E129 ,6.727206788280852e-05,0.00027728011088268484,0.001,A,是,99,0.0465,0.135727183124787,0.05133780532238765,3.92336342725017
E131,个体经营E131 ,0.00037757565333636114,0.0007445822598249295,0.001,A,是,99,0.0465,0.135727183124787,0.05133780532238765,3.92336342725017
E197,***医疗设备有限公司,0.0010594367935382548,0.0017313930123061705,0.001405715395999489,A,是,99,0.0465,0.135727183124787,0.07216634333850483,3.9009206775378034
E132,个体经营E132 ,0.0011734920029451987,0.0014045623366195756,0.0014544044702691139,A,是,99,0.0465,0.135727183124787,0.0746659335546861,3.8982273690798688
E167,***体育文化股份有限公司,0.0013216470700093696,0.004301456523207516,0.002181938374650873,A,是,99,0.0465,0.135727183124787,0.11201592750327344,3.8579827506002657
E191,***商贸有限责任公司,0.0018549529962442076,0.004276940729792395,0.0027103411422026865,A,是,99,0.0465,0.135727183124787,0.1391429659156593,3.8287533667109197
E147,***装饰工程有限责任公司,0.0022841423311486747,0.002817779687406019,0.002847698268629879,A,是,99,0.0465,0.135727183124787,0.1461945793318211,3.821155253255006
E162,***网络信息安全有限公司,0.002737249896184827,0.006661845724820286,0.004069619041148885,A,是,98,0.0465,0.135727183124787,0.2068149534034017,3.71564811420818
E180,***电气有限公司,0.004574592412760021,0.006829007636383161,0.005940393940036653,A,是,98,0.0465,0.135727183124787,0.30188631502955066,3.6132087220560045
E134,***工程咨询有限公司,0.005596438379979354,0.013040015355100534,0.008204441450999462,A,是,97,0.0465,0.135727183124787,0.4126889671218463,3.453630178441859
E141,***食品有限公司,0.006482734824717995,0.009031565892602178,0.00828904800323843,A,是,97,0.0465,0.135727183124787,0.41694473405781335,3.449044589568354
E146,***基础建设工程有限公司,0.007085245709237313,0.008160600735284613,0.008717365856294236,A,是,97,0.0465,0.135727183124787,0.4384894124412411,3.425830198610211
E175,***食品集团有限公司,0.006119755416896242,0.01657321691896463,0.009434398800689168,A,是,96,0.0465,0.135727183124787,0.46966431899495564,3.3520505508138863
E140,***建筑工程有限公司,0.007678802402702871,0.010788956554092403,0.009836593713521352,A,是,97,0.0465,0.135727183124787,0.4947873324314908,3.3651691898207163
E164,个体经营E164 ,0.009054531799064004,0.008805257455123162,0.010815583290088636,A,是,97,0.0465,0.135727183124787,0.5440311718311113,3.3121089528676255
E165,***文化传媒股份有限公司,0.00854212601473538,0.014939845305047422,0.011530095075744864,A,是,96,0.0465,0.135727183124787,0.5739925103972948,3.239636924577866
E145,***工贸有限公司,0.010139082354425556,0.009178998445920553,0.011974882043609667,A,是,97,0.0585,0.347315668091994,0.4548806009832742,3.2044257818328368
E173,***贸易有限责任公司,0.010616662586886214,0.01022955689474795,0.012662573965835804,A,是,97,0.0585,0.347315668091994,0.481003423215206,3.1757559844332914
E195,***医药有限公司,0.01189674571646724,0.010880570592436791,0.014072859834954599,A,是,96,0.0745,0.511096611982035,0.39630348589888753,3.0511258623731523
E193,个体经营E193 ,0.00792949579310754,0.03448477493500498,0.014826450780108535,A,是,94,0.0745,0.511096611982035,0.4088267938533637,2.9642009721996514
E194,***文化传播有限公司,0.009295615236346897,0.032194821532626525,0.015734579542872204,A,是,94,0.0745,0.511096611982035,0.43386767356172873,2.936050849927498
E169,***建筑设计有限公司,0.012518341190600996,0.016747306585429063,0.01586780250768681,A,是,96,0.0745,0.511096611982035,0.44685057060910316,2.9943025146447515
E171,***质量检验测试站,0.012586129577478395,0.019416763679780846,0.016469482313434564,A,是,95,0.0745,0.511096611982035,0.4589631850105862,2.944262614881079
E137,***建设工程有限公司,0.013695161209252325,0.014191808850015973,0.01653352297925552,A,是,96,0.0745,0.511096611982035,0.4655978150648199,2.973227487335784
E225,***物业服务有限责任公司***分公司,0.015339294529973771,0.018692491508624426,0.019077792831698658,A,是,95,0.0745,0.511096611982035,0.5316502604253722,2.8625502276022914
E238,个体经营E238 ,0.01350282716689541,0.034968574889218056,0.02049654214473902,A,是,93,0.0745,0.511096611982035,0.5591622524646479,2.7587755584034617
E160,***钢结构工程有限公司,0.018271104950654447,0.0130197690911814,0.020875058768890727,A,是,95,0.0745,0.511096611982035,0.5817355565595338,2.8062460071981374
E135,***建设工程有限公司,0.01939639865507934,0.013708086678736813,0.022138015990826702,A,是,95,0.0745,0.511096611982035,0.6169310082489304,2.7666804535906406
E128,个体经营E128 ,0.015189862942384159,0.035278086538000714,0.022245480249984302,A,是,93,0.0745,0.511096611982035,0.6068746989565661,2.7051388164721306
E159,个体经营E159 ,0.01778561456411293,0.025673326495682658,0.022920279863249463,A,是,94,0.0745,0.511096611982035,0.6320072598416907,2.7133089316844408
E139,个体经营E139 ,0.0193476436790811,0.021434394668119573,0.023634522612705017,A,是,94,0.0745,0.511096611982035,0.6517018973259819,2.6911688767125175
E174,***工程技术有限公司,0.021123380390723902,0.018415643296236957,0.024806509049971295,A,是,94,0.0745,0.511096611982035,0.684018428415811,2.654839709679034
E209,***工程检测有限公司,0.01751375536294643,0.04889757147133571,0.02729326965721357,A,是,90,0.0745,0.511096611982035,0.7205636882969804,2.4680635370665995
E204,***科技发展有限公司,0.02050845246554722,0.04394275890461952,0.029297004246471123,A,是,91,0.0745,0.511096611982035,0.7820578930642536,2.4353571042813953
E177,***电力工程有限公司,0.026265681195064,0.02447435865565585,0.03116055292619517,A,是,93,0.0745,0.511096611982035,0.8500850943156502,2.431729797022627
E136,***机械有限责任公司,0.023004603881113965,0.05068723705985692,0.03314205129308535,A,是,89,0.0745,0.511096611982035,0.8652541461071159,2.268984045004367
E206,***建设工程有限公司,0.027537338156482634,0.03083842413920466,0.03370502298432357,A,是,92,0.0745,0.511096611982035,0.9096131961503063,2.3283869868028293
E154,***汽车销售服务有限公司,0.026182043775845387,0.03865886445458914,0.033913816666763213,A,是,91,0.0745,0.511096611982035,0.9052996608474362,2.296812816998467
E150,***建设工程有限公司,0.03029484501872991,0.019236593499794126,0.03414216371868874,A,是,93,0.0745,0.511096611982035,0.9314258490112678,2.340289231952303
E144,***劳务有限公司,0.028667591965079415,0.030872473137334426,0.0348420865925463,A,是,92,0.0745,0.511096611982035,0.940299662775258,2.293890283905279
E176,***科技有限公司,0.030162973719158485,0.037917803254466746,0.037746534370051835,A,是,90,0.0745,0.511096611982035,0.9965380611305648,2.1578223462728454
E156,个体经营E156 ,0.0314787308425184,0.034481050052765534,0.038374940853071506,A,是,91,0.0745,0.511096611982035,1.0243854674538397,2.162940522738435
E138,个体经营E138 ,0.03585448107146773,0.019482582874918827,0.03975099764645149,A,是,92,0.0745,0.511096611982035,1.0727787379397244,2.1449617235745584
E188,***硬质合金有限公司,0.03653016186423781,0.028366189728888658,0.04220339981001554,A,是,91,0.0745,0.511096611982035,1.1265828293534361,2.0480536550696384
E143,***电子科技有限公司,0.03692076036210511,0.028234863624441636,0.04256773308699344,A,是,91,0.0745,0.511096611982035,1.1363083873855633,2.037120506915189
E196,***地质制图印刷厂,0.03730051596356808,0.026556535840085608,0.0426118231315852,A,是,91,0.0745,0.511096611982035,1.1374853325465244,2.035797424396742
E152,***运贸有限责任公司,0.037967065464904755,0.030102128589638476,0.04398749118283245,A,是,91,0.0745,0.511096611982035,1.174207587445464,1.9945154895145172
E158,***装饰工程有限公司,0.038876169027652105,0.04030106324300478,0.04693638167625306,A,是,89,0.0985,0.708302023264193,0.7311126202520241,1.7060333709777211
E220,***文化传播有限公司,0.031079262473987783,0.08653325312759015,0.04838591309950581,A,是,84,0.0985,0.708302023264193,0.7113492768634774,1.5853799430301692
E205,个体经营E205 ,0.045975400502158696,0.030356210579423386,0.05204664261804337,A,是,90,0.0985,0.708302023264193,0.8198226187690434,1.6314923984126344
E273,个体经营E273 ,0.03132847342297572,0.10655062834860267,0.052638599092696255,A,是,81,0.0985,0.708302023264193,0.7462322406823737,1.4585736071922395
E142,***运业有限公司,0.05114558053515665,0.026974934796625563,0.05654056749448176,A,是,89,0.0985,0.708302023264193,0.8807138721632911,1.531872580211021
E182,***新材料科技有限公司,0.050164514191901224,0.041348607105969895,0.0584342356130952,A,是,88,0.0985,0.708302023264193,0.8999838302634067,1.4807068866143258
E148,***商贸有限公司,0.056167083339041635,0.0390906491009721,0.06398521315923605,A,是,87,0.1025,0.731275401311664,0.8975477180122146,1.3454728222972685
E161,***建筑劳务有限责任公司,0.05719711045469743,0.0498001145935824,0.0671571333734139,A,是,86,0.1225,0.814421028872806,0.6430883085089586,1.1806889559954512
E178,***贸易有限公司,0.061163792462147995,0.03786198190441204,0.0687361888430304,A,是,87,0.1225,0.814421028872806,0.6658627408850316,1.175998167639011
E221,***测绘服务有限公司,0.056997813464578474,0.06709726054382183,0.07041726557334284,A,是,83,0.1225,0.814421028872806,0.6507845919956289,1.103221076074342
E224,***纸业有限公司,0.06348970834988388,0.035856621269985726,0.07066103260388103,A,是,87,0.1225,0.814421028872806,0.684509130275377,1.1535448070814702
E325,***通讯器材有限公司,0.054191977454296957,0.08289740266067118,0.0707714579864312,A,是,82,0.1225,0.814421028872806,0.6461777624280323,1.0860350427155752
E163,***物流有限公司,0.06676393895255403,0.03356489055967532,0.0734769170644891,A,是,87,0.1225,0.814421028872806,0.7117872289962398,1.1206974298717647
E213,***科技有限公司,0.0652756976201153,0.04664783780245571,0.07460526518060644,A,是,85,0.1225,0.814421028872806,0.7061035859973092,1.0820746353901478
E185,***生态魔芋有限公司,0.0667348976206424,0.04068232976927509,0.07487136357449742,A,是,86,0.1225,0.814421028872806,0.7169588119427376,1.091736558110609
E153,个体经营E153 ,0.054305243053048194,0.10500382587434912,0.07530600822791803,A,是,79,0.1225,0.814421028872806,0.6624250263624057,0.9982703571720232
E208,个体经营E208 ,0.06602593345382557,0.047534970104843075,0.07553292747479419,A,是,85,0.1225,0.814421028872806,0.7148834713168607,1.0715021901511879
E235,个体经营E235 ,0.07208934340681059,0.05453362888174731,0.08299606918316005,A,是,83,0.1225,0.814421028872806,0.7670357913052903,0.9632352569056246
E261,***医疗器械有限公司,0.07042984813439482,0.0690128464862012,0.08423241743163506,A,是,82,0.1225,0.814421028872806,0.7690828558359425,0.9380368260702161
E223,***科技有限公司,0.07051001014486577,0.07020901927916783,0.08455181400069933,A,是,81,0.1225,0.814421028872806,0.7625844783505202,0.9231285316624978
E168,***建材有限公司,0.07574799929874956,0.061108676157740155,0.08796973453029759,A,是,82,0.1225,0.814421028872806,0.803206374963679,0.8969464217872339
E228,***文化发展有限公司,0.07614400375654658,0.0620796336663959,0.08855993048982576,A,是,82,0.1225,0.814421028872806,0.8085951505431661,0.890457437860268
E155,个体经营E155 ,0.08058517904770271,0.04360106898740132,0.08930539284518298,A,是,84,0.1225,0.814421028872806,0.8352894271840741,0.9037799276646705
E216,***建设工程有限公司,0.07971620319008604,0.05393778543854969,0.09050376027779598,A,是,83,0.1225,0.814421028872806,0.8364206168316803,0.8796843628342633
E130,个体经营E130 ,0.07755656731486325,0.06492737530913524,0.09054204237669031,A,是,81,0.1225,0.814421028872806,0.81661117470582,0.8580713848013244
E181,***食品有限公司,0.08222406738413389,0.06029051751270999,0.09428217088667588,A,是,81,0.1425,0.874434681686885,0.5753545408137564,0.7373364423721065
E149,***建筑劳务有限公司,0.08792689911617504,0.04258734287871627,0.0964443676919183,A,是,83,0.1425,0.874434681686885,0.6030813728913927,0.7388106033952692
E151,***路桥工程有限公司,0.08814557297331566,0.0468900798785859,0.09752358894903283,A,是,83,0.1425,0.874434681686885,0.6098299083732501,0.7304592907364708
E207,个体经营E207 ,0.09144022415297835,0.041254834854224244,0.0996911911238232,A,是,83,0.1425,0.874434681686885,0.623384256094527,0.7136857854313906
E170,***建筑劳务有限公司,0.0972468830114165,0.05143983007701757,0.10753484902682,A,是,81,0.1425,0.874434681686885,0.6562286708233434,0.6372547064852425
E415,***广告设计服务部,0.09229760950669673,0.09393215381492091,0.11108404026968091,A,是,76,0.1425,0.874434681686885,0.6360426111442032,0.5727696660400841
E189,***石油工程技术服务有限公司,0.0964150177128102,0.08390606568989194,0.11319623085078859,B,是,77,0.1425,0.842070843722875,0.8259167177191257,0.7108057290733357
E222,***数码科技有限公司,0.10314212857637806,0.10576733993207268,0.1242955965627926,B,是,74,0.1425,0.842070843722875,0.8715675020190946,0.5867981691936535
E211,个体经营E211 ,0.12453048627543324,0.06914557962204222,0.1383596021998417,B,是,76,0.15,0.885864918999995,0.7201008088318577,0.40101391236023526
E133,个体经营E133 ,0.1288224550827678,0.059436731315994085,0.1407098013459666,B,是,76,0.15,0.885864918999995,0.7323325605797131,0.38572422267541584
E219,***品牌营销策划有限公司,0.12786156133466028,0.09941389520701271,0.14774434037606282,B,是,72,0.15,0.885864918999995,0.7284734894641353,0.3220670129698852
E227,***安全技术有限公司,0.13283747715309419,0.07986899390062074,0.14881127593321833,B,是,74,0.15,0.885864918999995,0.7541156642364275,0.32425481880452134
E190,***劳务有限公司,0.13327051038011986,0.09715523039100124,0.15270155645832012,B,是,71,0.15,0.885864918999995,0.7424585523474011,0.2874654222158023
E312,***家居用品有限公司,0.1269785271846788,0.13328046403966615,0.15363461999261205,B,是,68,0.15,0.885864918999995,0.7154320717282802,0.269887736539701
E234,***机电设备商贸有限公司,0.14187910955446797,0.07086983476117577,0.15605307650670314,B,是,74,0.15,0.885864918999995,0.7908141954162289,0.27838165482976945
E237,个体经营E237 ,0.13813734881547104,0.09561874924625792,0.15726109866472263,B,是,71,0.15,0.885864918999995,0.7646277507789606,0.259753924176353
E200,个体经营E200 ,0.1499234155295577,0.07263397424285549,0.1644502103781288,B,是,73,0.15,0.885864918999995,0.8221057679905309,0.22214692696189092
E301,***企业管理咨询有限公司,0.14240685717256357,0.11490734815101172,0.1653883268027659,B,是,69,0.15,0.885864918999995,0.7814916571500842,0.2044335169124467
E230,***建筑劳务有限公司,0.1516159539229138,0.09491927680452482,0.17059980928381877,B,是,70,0.15,0.885864918999995,0.8177997681501507,0.1761686403123643
E258,***国际货运有限公司,0.15997602118425686,0.07464237886077901,0.17490449695641266,B,是,71,0.15,0.885864918999995,0.8504126783066135,0.15252276476678672
E330,***酒店管理有限公司,0.14689685228341942,0.14765388178037336,0.1764276286394941,B,是,64,0.15,0.885864918999995,0.7732447367196466,0.12914085670048991
E172,***物流有限公司,0.16846048067593897,0.06457496188962375,0.18137547305386373,B,是,62,0.15,0.885864918999995,0.770088520273111,0.09884560295865785
E179,***园林有限公司,0.18556567863042062,0.07806786018252522,0.20117925066692566,B,是,10,0.15,0.885864918999995,0.13776966042233924,-0.0010094540279165303
E184,***建筑装饰工程有限公司,0.18398080400986574,0.09278740844185103,0.20253828569823595,B,是,10,0.15,0.885864918999995,0.13870034186262192,-0.002172805828269868
E198,***商贸有限公司,0.19409256988021836,0.08074879015246536,0.21024232791071143,B,是,10,0.15,0.885864918999995,0.14397615075431197,-0.008767566942882457
E310,***律师事务所,0.18832371083880314,0.11303793743687623,0.2109312983261784,B,是,10,0.15,0.885864918999995,0.14444796491936757,-0.00935733464920193
E232,***投资发展有限责任公司,0.19012029405823422,0.12977518005467492,0.2160753300691692,B,是,10,0.15,0.885864918999995,0.1479706517972847,-0.013760693246598328
E265,***净化工程有限公司,0.19622691944857534,0.10729422877054832,0.217685765202685,B,是,10,0.15,0.885864918999995,0.14907349466373918,-0.015139246829666435
E199,***建筑劳务有限公司,0.18618077378805528,0.16919499768407736,0.22001977332487077,B,是,10,0.15,0.885864918999995,0.15067184790022123,-0.017137188375268994
E246,***物业服务有限公司,0.2036809457533586,0.09607218175164345,0.22289538210368728,B,是,10,0.15,0.885864918999995,0.1526410949455885,-0.019598747181978113
E299,***压缩天然气有限责任公司,0.20798727606471568,0.11178283963970273,0.23034384399265623,B,是,10,0.15,0.885864918999995,0.15774187975172602,-0.02597472818965
E289,***运业有限公司***分公司,0.2145402444331106,0.09163054628720248,0.2328663536905511,B,是,10,0.15,0.885864918999995,0.1594693208438812,-0.028134029554843957
E157,***环境设备工程有限公司,0.20951129295282675,0.11879066871227316,0.2332694266952814,B,是,10,0.15,0.885864918999995,0.15974534946414404,-0.02847906533017254
E187,个体经营E187 ,0.18996888292413733,0.2229867750279002,0.23456623792971737,B,是,10,0.15,0.885864918999995,0.16063341939584846,-0.029589152744803025
E355,***地毯经营部,0.20036891225377498,0.1771573106943169,0.23580037439263837,B,是,10,0.15,0.885864918999995,0.16147856898681176,-0.030645589733507145
E375,***电器经营部,0.2095121102553748,0.1633004442744437,0.24217219911026355,B,是,10,0.15,0.885864918999995,0.16584206136839566,-0.036099955210487034
E259,***文化传媒有限公司,0.22631269679775784,0.13119273044830923,0.2525512428874197,B,是,10,0.15,0.885864918999995,0.17294973938164554,-0.04498455272704939
E281,***商业管理有限责任公司,0.2350209396334983,0.13341252177004437,0.26170344398750717,B,是,10,0.15,0.885864918999995,0.17921726266496643,-0.05281895683120054
E253,***钢结构工程有限公司,0.24628898684315517,0.11014016386597325,0.2683170196163498,B,是,10,0.15,0.885864918999995,0.18374630860555213,-0.05848026425693263
E243,***科技有限公司,0.263529584065479,0.09090257318469115,0.2817100987024172,B,是,10,0.15,0.885864918999995,0.19291802960351878,-0.06994491550439094
E212,***建电管理咨询有限公司,0.2647497852009989,0.09167396355554412,0.2830845779121077,B,是,10,0.15,0.885864918999995,0.19385928737910388,-0.07112148772387233
E166,***建筑工程有限公司,0.24011793588289548,0.21966333653131023,0.28405060318915754,B,是,10,0.15,0.885864918999995,0.19452083161856867,-0.07194841802320331
E321,***生物流有限公司,0.25328202912713677,0.16531240960136281,0.2863445110474093,B,是,10,0.15,0.885864918999995,0.19609172377381737,-0.07391203321726418
E229,***家贸易有限公司,0.2621606085629519,0.1258108305001898,0.2873227746629899,B,是,10,0.15,0.885864918999995,0.19676164895583925,-0.0747494396947915
E341,***纺织品有限公司,0.25475579379932556,0.18693129400240152,0.29214205259980586,B,是,10,0.15,0.885864918999995,0.2000619410219194,-0.07887480477739175
E214,***建筑工程有限公司,0.27918417785281086,0.08933431458078238,0.2970510407689673,B,是,10,0.15,0.885864918999995,0.20342366759581126,-0.08307696299475655
E201,***物流有限责任公司,0.2771803030014986,0.10131541692966761,0.2974433863874321,B,是,10,0.15,0.885864918999995,0.20369234998947214,-0.08341281598683264
E410,***网络科技有限公司,0.27429492470117933,0.14340744933401722,0.3029764145679828,B,是,10,0.15,0.885864918999995,0.2074814257068469,-0.0881491606335511
E304,***环保科技有限公司,0.27596156041957587,0.13709964372880343,0.3033814891653366,B,是,10,0.15,0.885864918999995,0.20775882503872703,-0.08849590979840125
E314,***房地产营销策划有限公司,0.28258579721859706,0.12142256283112357,0.30687030978482177,B,是,10,0.15,0.885864918999995,0.2101480059827236,-0.09148238597839696
E250,***塑料厂,0.28263471384149025,0.12387878331744595,0.30741047050497944,B,是,10,0.15,0.885864918999995,0.2105179137080129,-0.09194477063500857
E183,***建设工程有限公司,0.28457965485689724,0.1178546509161189,0.308150585040121,B,是,10,0.15,0.885864918999995,0.21102475190251888,-0.09257831837814104
E366,***房地产经纪有限公司,0.26838188682426634,0.20050843905597507,0.30848357463546133,B,是,10,0.15,0.885864918999995,0.21125278666913685,-0.09286336183641353
E255,个体经营E255 ,0.29142452919662365,0.08636765698859339,0.30869806059434235,B,是,10,0.15,0.885864918999995,0.21139966890287834,-0.09304696462859038
E348,***酒店管理有限公司,0.2801301605008015,0.14585953258866707,0.3093020670185349,B,是,10,0.15,0.885864918999995,0.2118132988357768,-0.09356400204471343
E359,***厨房用品经营部,0.27477444454975675,0.18064565655149542,0.31090357586005585,B,是,10,0.15,0.885864918999995,0.2129100288838721,-0.09493491460483257
E306,个体经营E306 ,0.289669929641377,0.11733462495231126,0.31313685463183927,B,是,10,0.15,0.885864918999995,0.21443940160495065,-0.09684663050618075
E256,***物资有限公司,0.29262916436413494,0.10302683125134479,0.31323453061440387,B,是,10,0.15,0.885864918999995,0.21450629114204123,-0.096930242427544
E419,***科技有限公司,0.28142820639250454,0.1632709372248657,0.31408239383747766,B,是,10,0.15,0.885864918999995,0.21508691676789593,-0.0976560244598624
E272,个体经营E272 ,0.2981195554540967,0.1222130160932344,0.32256215867274357,B,是,10,0.15,0.885864918999995,0.22089394864590037,-0.1049148143073679
E402,***商贸有限公司,0.2871888435048811,0.18397687053869324,0.32398421761261975,B,是,10,0.15,0.885864918999995,0.22186778951963765,-0.10613211539953954
E311,***律师事务所,0.29697270547764265,0.1371943295733677,0.3244115713923162,B,是,10,0.15,0.885864918999995,0.22216044586920553,-0.10649793583649937
E358,***五金经营部,0.282053118957054,0.23866410972184973,0.32978594090142394,B,是,10,0.15,0.885864918999995,0.22584087046468132,-0.11109846658084413
E203,***建设工程有限公司,0.31991752848351146,0.08311377390076961,0.33654028326366536,B,是,10,0.15,0.885864918999995,0.23046631494037847,-0.11688027217546555
E186,***建筑劳务有限公司,0.31045594590208936,0.13498904730990494,0.33745375536407035,B,是,10,0.15,0.885864918999995,0.2310918702134043,-0.11766221626674783
E202,个体经营E202 ,0.3033896444326387,0.1716953684784114,0.337728718128321,B,是,10,0.15,0.885864918999995,0.23128016759762268,-0.11789758799702085
E260,***广告有限公司,0.3153875602665218,0.1154352768104889,0.3384746156286196,B,是,10,0.15,0.885864918999995,0.23179096602730836,-0.11853608603412792
E226,***建设工程有限公司,0.34498425881405753,0.10201069698687103,0.36538639821143176,B,是,10,0.15,0.885864918999995,0.2502204369369711,-0.14157292467120638
E322,***装饰工程设计有限公司,0.34649283125195596,0.12971838337832725,0.3724365079276214,B,是,10,0.15,0.885864918999995,0.2550484259980685,-0.14760791099757808
E343,***五金工具经营部,0.3342959261923577,0.19356375519809357,0.3730086772319764,B,是,10,0.15,0.885864918999995,0.25544025353745814,-0.14809769542181514
E282,***影城有限公司***分公司,0.33011754776523416,0.2318148345999433,0.3764805146852228,B,是,10,0.15,0.885864918999995,0.25781780423112893,-0.1510696337889036
E393,***商贸有限责任公司,0.34683428979867403,0.16331245297921285,0.3794967803945166,B,是,10,0.15,0.885864918999995,0.2598833746174156,-0.153651596771762
E313,***物流有限公司,0.36146297916888825,0.12056500862716155,0.38557598089432055,B,是,10,0.15,0.885864918999995,0.264046474866178,-0.15885547208271497
E292,***物流有限公司,0.36800800667926703,0.15007352916878386,0.3980227125130238,B,是,10,0.15,0.885864918999995,0.2725701271950941,-0.16951003749386007
E271,***科技有限公司,0.3682720200048358,0.17105074065890688,0.40248216813661714,B,是,10,0.15,0.885864918999995,0.27562400916798263,-0.17332738995997074
E294,个体经营E294 ,0.38066528988756065,0.11924565355382198,0.40451442059832504,B,是,10,0.15,0.885864918999995,0.27701571696395955,-0.17506702470494195
E382,***教育信息咨询有限公司***分公司,0.36943818098293435,0.18865399507608818,0.407168979998152,B,是,10,0.15,0.885864918999995,0.278833587076671,-0.17733936234583123
E388,***商贸有限公司,0.3774717926161663,0.16557260703088414,0.41058631402234314,B,是,10,0.15,0.885864918999995,0.28117381325060176,-0.18026464506324472
E280,个体经营E280 ,0.3876056489394984,0.12718586442230906,0.4130428218239602,B,是,10,0.15,0.885864918999995,0.28285605555209004,-0.18236744794010498
E370,***设计服务部,0.3855706610586771,0.14687029406210267,0.41494471987109766,B,是,10,0.15,0.885864918999995,0.28415849527807274,-0.1839954975975834
E389,***清洁服务有限公司,0.36780420876549713,0.2521692546394936,0.41823805969339584,B,是,10,0.15,0.885864918999995,0.286413808922344,-0.1868146396529225
E305,***劳务有限公司,0.39633029724994806,0.12762704661907268,0.4218557065737626,B,是,10,0.15,0.885864918999995,0.2888912114406645,-0.18991139280082306
E324,***汽贸有限公司,0.38238761684490863,0.21212005074207715,0.4248116269933241,B,是,10,0.15,0.885864918999995,0.29091545673976177,-0.1924416994246947
E283,***机械铸造有限责任公司,0.39969381352869504,0.13455532286098618,0.42660487810089226,B,是,10,0.15,0.885864918999995,0.29214349390225564,-0.19397674587781202
E231,***建筑科技有限公司,0.396439593848441,0.1547755853183353,0.42739471091210807,B,是,10,0.15,0.885864918999995,0.2926843796935631,-0.19465285311694638
E308,***餐饮文化服务有限公司,0.3922635347631125,0.23680671984259016,0.43962487873163053,C,是,10,0.15,0.895164738662031,0.27652913431502063,-0.18840852588682222
E276,***体育设施工程有限公司,0.42019712188584435,0.12294851427909875,0.4447868247416641,C,是,10,0.15,0.895164738662031,0.2797760580688668,-0.1924671805791299
E357,***家居经营部,0.4187653113041406,0.1830530572045156,0.4553759227450437,C,是,10,0.15,0.895164738662031,0.28643672320797275,-0.2007930120030124
E239,个体经营E239 ,0.4351678505002193,0.11507464636218798,0.45818277977265687,C,是,10,0.15,0.895164738662031,0.2882022687481416,-0.20299994392822346
E252,***印务有限公司,0.44077573601976816,0.09541346428327274,0.4598584288764227,C,是,10,0.15,0.895164738662031,0.28925627141836574,-0.20431744726600362
E215,***建筑工程有限公司,0.4424270189188631,0.09744745328728373,0.46191650957631986,C,是,10,0.15,0.895164738662031,0.29055082798653586,-0.20593564297621625
E248,***智能科技有限公司,0.44047514722909514,0.10878095678363041,0.4622313385858212,C,是,10,0.15,0.895164738662031,0.29074885907546294,-0.2061831818373751
E270,个体经营E270 ,0.4454104680650347,0.12275311079278371,0.46996109022359145,C,是,10,0.15,0.895164738662031,0.2956109622736024,-0.21226081083504936
E245,***建筑劳务有限公司,0.47095295285051064,0.10817536986440153,0.492588026823391,C,是,10,0.15,0.895164738662031,0.3098435671439082,-0.23005156692293166
E344,***机械有限公司,0.4701642877566563,0.12402960081723079,0.4949702079201025,C,是,10,0.15,0.895164738662031,0.3113419866108769,-0.2319245912566426
E352,***居装饰工程有限公司,0.47304870119529224,0.13797207959880514,0.5006431171150533,C,是,10,0.15,0.895164738662031,0.3149103121188724,-0.23638499814163685
E318,***商贸有限公司,0.4699577419878748,0.15841562004620843,0.5016408659971165,C,是,10,0.15,0.895164738662031,0.3155379077076769,-0.23716949262764267
E328,***科技有限公司,0.4750885847560121,0.13780563853695962,0.5026497124634041,C,是,10,0.15,0.895164738662031,0.3161724838053358,-0.23796271274971614
E340,***物流有限公司,0.45280053123232067,0.2564438357186307,0.5040892983760468,C,是,10,0.15,0.895164738662031,0.3170779999975579,-0.23909460798999382
E293,***物资有限公司,0.46180342831720866,0.21999751089954261,0.5058029304971172,C,是,10,0.15,0.895164738662031,0.3181558944250553,-0.24044197602436557
E266,***煤矿机械有限公司,0.4810883381651182,0.12525544813425,0.5061394277919682,C,是,10,0.15,0.895164738662031,0.31836755511612663,-0.24070655188820467
E346,个体经营E346 ,0.47938222436637823,0.1349787098758936,0.506377966341557,C,是,10,0.15,0.895164738662031,0.31851759862323853,-0.2408941062720946
E302,***机电设备有限公司,0.4846699102276199,0.11833656665714273,0.5083372235590484,C,是,10,0.15,0.895164738662031,0.31974999407778265,-0.24243460059027472
E288,个体经营E288 ,0.4854633298262411,0.1149808504232066,0.5084594999108824,C,是,10,0.15,0.895164738662031,0.31982690731758245,-0.24253074214002443
E303,***图书发行有限公司,0.48730804266944966,0.11626416567658433,0.5105608758047665,C,是,10,0.15,0.895164738662031,0.3211486970636103,-0.24418297932255933
E210,***建筑工程有限公司,0.4881133547502741,0.12777849450739034,0.5136690536517522,C,是,10,0.15,0.895164738662031,0.3231037768848521,-0.24662682909911152
E421,***保温材料有限公司,0.4690110843172353,0.22646247651516818,0.514303579620269,C,是,10,0.15,0.895164738662031,0.3235029010592632,-0.24712573431712545
E332,***商贸有限公司,0.4901980203801656,0.12356618644827563,0.5149112576698207,C,是,10,0.15,0.895164738662031,0.3238851375820679,-0.24760352997063123
E374,***建材经营部,0.46545460822171114,0.25715355610566704,0.5168853194428445,C,是,10,0.15,0.895164738662031,0.3251268452733013,-0.24915566458467314
E378,***商贸有限公司,0.4889839569893678,0.15838352915323742,0.5206606628200153,C,是,10,0.15,0.895164738662031,0.3275015799308189,-0.25212408290657007
E254,***设备安装工程有限公司,0.4973397997360046,0.11741801597876862,0.5208234029317583,C,是,10,0.15,0.895164738662031,0.3276039453436874,-0.25225203967265575
E295,***电器设备制造有限公司,0.5010525348780737,0.11160415431137995,0.5233733657403496,C,是,10,0.15,0.895164738662031,0.32920790144833206,-0.25425698480346154
E251,***医疗器械有限责任公司,0.49354664165238893,0.15731247773176588,0.5250091371987421,C,是,10,0.15,0.895164738662031,0.33023682061831067,-0.2555431337659348
E300,***建设工程有限公司,0.49343764172218557,0.17392428415430664,0.5282224985530469,C,是,10,0.15,0.895164738662031,0.33225806208242187,-0.25806968559607385
E420,***康药房,0.5013889148953269,0.16612959103203667,0.5346148331017342,C,是,10,0.15,0.895164738662031,0.33627891446025004,-0.263095751068359
E367,***电子商务有限公司,0.49776990991745046,0.18994778671674464,0.5357594672607994,C,是,10,0.15,0.895164738662031,0.33699890258746185,-0.2639957362273737
E274,***建筑劳务有限公司,0.5009399882740515,0.18104374683427923,0.5371487376409073,C,是,10,0.15,0.895164738662031,0.33787276972766817,-0.2650880701526316
E354,***广告有限公司,0.5132204795288497,0.13293494334564318,0.5398074681979784,C,是,10,0.15,0.895164738662031,0.3395451420043349,-0.26717853549846504
E284,***成焊科技有限公司,0.5146025358672239,0.12612354996237546,0.539827245859699,C,是,10,0.15,0.895164738662031,0.3395575823823457,-0.2671940859709785
E309,个体经营E309 ,0.5192962194534546,0.1096721101729307,0.5412306414880408,C,是,10,0.15,0.895164738662031,0.3404403344670924,-0.26829752607691193
E319,个体经营E319 ,0.5230975425918969,0.119043242204675,0.5469061910328319,C,是,10,0.15,0.895164738662031,0.34401032078568095,-0.27276000897514757
E315,***轮胎有限公司,0.5252411104838075,0.11107601061622,0.5474563126070515,C,是,10,0.15,0.895164738662031,0.34435635361968675,-0.27319255001765486
E334,***机械科技有限公司,0.5248976214403877,0.1580712290858926,0.5565118672575662,C,是,10,0.15,0.895164738662031,0.3500524022497686,-0.2803126108052571
E241,个体经营E241 ,0.5348746480773244,0.11868201171007915,0.5586110504193402,C,是,10,0.15,0.895164738662031,0.3513728127419336,-0.2819631239204635
E268,***建筑劳务有限公司,0.5438838329506258,0.09407777126022676,0.5626993872026712,C,是,10,0.15,0.895164738662031,0.35394442387264247,-0.2851776378338495
E422,***童装店,0.5239675532075716,0.19925179041911267,0.5638179112913941,C,是,10,0.15,0.895164738662031,0.35464798846356693,-0.2860570935725051
E262,个体经营E262 ,0.5480910884379959,0.08252919949333525,0.564596928336663,C,是,10,0.15,0.895164738662031,0.3551379991967319,-0.2866696069889613
E387,***农副产品经营部,0.5160176696564266,0.24928476374097375,0.5658746224046214,C,是,10,0.15,0.895164738662031,0.35594168354587824,-0.2876742124253942
E297,***建筑机械租赁有限公司,0.5297075643022635,0.19105661727353984,0.5679188877569715,C,是,10,0.15,0.895164738662031,0.3572275501006249,-0.2892815456188275
E416,***科技有限公司,0.5255717035780281,0.24401356742640531,0.5743744170633092,C,是,10,0.15,0.895164738662031,0.3612881527120539,-0.2943572988831138
E381,***通信网络工程有限公司,0.5463310113770306,0.14061011179813157,0.5744530337366569,C,是,10,0.15,0.895164738662031,0.3613376035090295,-0.2944191123793332
E351,***文化传播有限公司,0.538990021867481,0.19090050295918207,0.5771701224593174,C,是,10,0.15,0.895164738662031,0.3630466837469409,-0.2965554626767225
E391,***五金店,0.5510156205784298,0.1516937037153519,0.5813543613215002,C,是,10,0.15,0.895164738662031,0.3656786183946454,-0.2998453809863531
E240,个体经营E240 ,0.5302913778298961,0.2738339095648186,0.5850581597428598,C,是,10,0.15,0.895164738662031,0.3680083504473237,-0.302757546052201
E263,***通信工程有限公司,0.5692934789436715,0.07938289595672428,0.5851700581350164,C,是,10,0.15,0.895164738662031,0.36807873583043393,-0.3028455277810888
E411,***机电设备有限公司,0.5638562472420344,0.16272547354156136,0.5964013419503467,C,是,10,0.15,0.895164738662031,0.3751433432740802,-0.31167628708564676
E423,***通风设备有限公司,0.5725352979951763,0.153417420616022,0.6032187821183808,C,是,10,0.15,0.895164738662031,0.3794315920041112,-0.31703659799818534
E244,个体经营E244 ,0.5852181795089775,0.09338639602292885,0.6038954587135632,C,是,10,0.15,0.895164738662031,0.3798572294102946,-0.3175686447559146
E290,***机电有限公司,0.587488269224578,0.1056416880557727,0.6086166068357325,C,是,10,0.15,0.895164738662031,0.38282688619351185,-0.3212807157349363
E317,***科技有限公司,0.5819910831209347,0.13850008463185182,0.6096911000473051,C,是,10,0.15,0.895164738662031,0.38350275485335844,-0.32212555155974437
E337,个体经营E337 ,0.5887020500482947,0.1116833043524949,0.6110387109187937,C,是,10,0.15,0.895164738662031,0.38435041768072475,-0.32318513009395244
E364,***电子有限公司,0.5909612083850468,0.10846129798292238,0.6126534679816313,C,是,10,0.15,0.895164738662031,0.3853661185528043,-0.32445475618405173
E257,***门窗安装有限公司,0.592480268714629,0.10822644541352502,0.614125557797334,C,是,10,0.15,0.895164738662031,0.3862920800760572,-0.32561220808811786
E392,***科技有限公司,0.5942748870646057,0.11745133582698768,0.6177651542300033,C,是,10,0.15,0.895164738662031,0.3885814283351589,-0.3284738934119951
E333,***房地产营销策划有限公司,0.5932231886212059,0.12788497211157543,0.618800183043521,C,是,10,0.15,0.895164738662031,0.3892324734321037,-0.32928769978317596
E285,个体经营E285 ,0.6005985185574841,0.10580585664868793,0.6217596898872217,C,是,10,0.15,0.895164738662031,0.3910940374724489,-0.33161465483360764
E279,***环保包装有限公司,0.587806468956793,0.17000049571841458,0.621806568100476,C,是,10,0.15,0.895164738662031,0.3911235244108743,-0.33165151350663935
E247,***石化有限公司,0.5983505511450511,0.1237507224400277,0.6231006956330566,C,是,10,0.15,0.895164738662031,0.3919375455993708,-0.33266903999225994
E339,***居益卫浴家俬厂,0.5987545342503532,0.1343106807721123,0.6256166704047756,C,是,10,0.15,0.895164738662031,0.3935201228356482,-0.3346472615376067
E335,***挖掘机租赁经营部,0.5945223774129568,0.18094269464240573,0.6307109163414379,C,是,10,0.15,0.895164738662031,0.3967244624601875,-0.3386526860682808
E409,***塑胶有限公司,0.5994427761773732,0.16449134469243984,0.6323410451158612,C,是,10,0.15,0.895164738662031,0.3977498323166747,-0.33993439838888984
E287,***鞋材有限公司,0.6069559080573022,0.1273241680501437,0.6324207416673309,C,是,10,0.15,0.895164738662031,0.39779996236948106,-0.33999706095489773
E316,个体经营E316 ,0.6142329369726003,0.1104039981936547,0.6363137366113312,C,是,10,0.15,0.895164738662031,0.400248701223531,-0.3430579845224602
E275,***网络工程有限公司,0.6116872383185057,0.16624918361022395,0.6449370750405505,C,是,10,0.15,0.895164738662031,0.4056728808505288,-0.34983820905620744
E350,***演艺设备有限公司,0.618852084678367,0.13393688492377534,0.6456394616631221,C,是,10,0.15,0.895164738662031,0.4061146901613544,-0.3503904706947394
E356,***建材装饰部,0.5952033583447234,0.2526067457469415,0.6457247074941117,C,是,10,0.15,0.895164738662031,0.40616831077517296,-0.35045749646201263
E278,***贸易有限公司,0.6313581537035378,0.09953155933727455,0.6512644655709927,C,是,10,0.15,0.895164738662031,0.4096528826896066,-0.3548132113550546
E296,***装饰设计工程有限公司,0.6231091528137291,0.1510957208790093,0.653328296989531,C,是,10,0.15,0.895164738662031,0.41095105652632646,-0.35643592865095447
E277,***消防设备制造有限公司,0.626982778033933,0.15631991057012015,0.658246760147957,C,是,10,0.15,0.895164738662031,0.41404482674989507,-0.36030314143041525
E264,个体经营E264 ,0.5950672488601865,0.332832892577651,0.6616338273757166,C,是,10,0.15,0.895164738662031,0.4161753312178437,-0.36296627201535114
E307,***通信工程有限公司,0.621567917869946,0.20122754262477602,0.6618134263949013,C,是,10,0.15,0.895164738662031,0.41628830107851733,-0.36310748434119305
E267,***林园艺场,0.6399819934421311,0.12284601393397872,0.6645511962289269,C,是,10,0.15,0.895164738662031,0.418010389974717,-0.3652600954614427
E320,***建筑设计有限公司,0.6298493670168643,0.18101322956028457,0.6660520129289212,C,是,10,0.15,0.895164738662031,0.41895442104050284,-0.36644013429367495
E329,***园艺有限责任公司,0.645489525747045,0.12222414559264637,0.6699343548655743,D,否,0,0.15,0.895164738662031,0.0,-0.0
E327,个体经营E327 ,0.6396545356302237,0.1544417259259656,0.6705428808154168,D,否,0,0.15,0.895164738662031,0.0,-0.0
E338,***商贸有限公司,0.6537020860186581,0.09607734900145326,0.6729175558189487,D,否,0,0.15,0.895164738662031,0.0,-0.0
E400,***办公用品经营部,0.6396439593893426,0.16684156861462354,0.6730122731122673,D,否,0,0.15,0.895164738662031,0.0,-0.0
E218,***建设工程有限公司,0.643563352392253,0.15353512220151286,0.6742703768325556,D,否,0,0.15,0.895164738662031,0.0,-0.0
E372,***汽车维修有限责任公司,0.6569595526009977,0.11164794901366716,0.6792891424037312,D,否,0,0.15,0.895164738662031,0.0,-0.0
E345,***科技有限公司,0.6594704319458321,0.10482729295353682,0.6804358905365395,D,否,0,0.15,0.895164738662031,0.0,-0.0
E326,***包装材料有限公司,0.6609788761361061,0.11642124099337106,0.6842631243347803,D,否,0,0.15,0.895164738662031,0.0,-0.0
E373,个体经营E373 ,0.6553215725193053,0.16029745807728918,0.6873810641347632,D,否,0,0.15,0.895164738662031,0.0,-0.0
E353,***税务师事务所有限公司,0.6660907242721036,0.11427969508792733,0.688946663289689,D,否,0,0.15,0.895164738662031,0.0,-0.0
E412,***汽车贸易有限公司,0.6712714442446485,0.11710055530489617,0.6946915553056277,D,否,0,0.15,0.895164738662031,0.0,-0.0
E336,***猕猴桃专业合作社,0.6584392556403468,0.19509410546198072,0.697458076732743,D,否,0,0.15,0.895164738662031,0.0,-0.0
E298,***电器维护服务有限公司,0.6762502231033224,0.10678019430611456,0.6976062619645453,D,否,0,0.15,0.895164738662031,0.0,-0.0
E365,***信息技术有限公司,0.6601517359269575,0.19726145094763822,0.6996040261164852,D,否,0,0.15,0.895164738662031,0.0,-0.0
E407,***装饰工程有限公司,0.6716435060350119,0.14996253039918697,0.7016360121148493,D,否,0,0.15,0.895164738662031,0.0,-0.0
E383,***通讯器材经营部,0.6895246747764745,0.18963488008322063,0.7274516507931186,D,否,0,0.15,0.895164738662031,0.0,-0.0
E233,***劳务有限公司,0.7040909336918774,0.16286125719593963,0.7366631851310653,D,否,0,0.15,0.895164738662031,0.0,-0.0
E286,***印务有限公司,0.7229563956885222,0.11058371489065114,0.7450731386666525,D,否,0,0.15,0.895164738662031,0.0,-0.0
E398,***医疗管理咨询有限公司,0.7290737594011918,0.1289581342954295,0.7548653862602777,D,否,0,0.15,0.895164738662031,0.0,-0.0
E192,***建设工程有限公司,0.7310326658931172,0.1403840043039383,0.7591094667539049,D,否,0,0.15,0.895164738662031,0.0,-0.0
E399,***装饰工程有限公司,0.7419201191955473,0.10220350257409934,0.7623608197103672,D,否,0,0.15,0.895164738662031,0.0,-0.0
E349,***营销策划广告有限公司,0.7508346311435143,0.11601491198158825,0.774037613539832,D,否,0,0.15,0.895164738662031,0.0,-0.0
E236,个体经营E236 ,0.7552197696815038,0.11329305443624846,0.7778783805687536,D,否,0,0.15,0.895164738662031,0.0,-0.0
E323,***建筑装饰工程有限公司,0.75848576473712,0.1333452126997268,0.7851548072770654,D,否,0,0.15,0.895164738662031,0.0,-0.0
E331,***广告有限公司,0.7820286164325317,0.07313294127059887,0.7966552046866515,D,否,0,0.15,0.895164738662031,0.0,-0.0
E361,***勘察设计工程有限公司,0.7808199731419744,0.08350160165677595,0.7975202934733295,D,否,0,0.15,0.895164738662031,0.0,-0.0
E249,***建筑工程有限公司,0.7759827769655414,0.11290705912157242,0.7985641887898559,D,否,0,0.15,0.895164738662031,0.0,-0.0
E269,***节能服务有限公司,0.7808205144424349,0.12346402886184898,0.8055133202148047,D,否,0,0.15,0.895164738662031,0.0,-0.0
E291,***文业建设工程有限公司,0.7822181318943608,0.11822534485066559,0.8058632008644939,D,否,0,0.15,0.895164738662031,0.0,-0.0
E386,个体经营E386 ,0.7896267350917203,0.09407573579969528,0.8084418822516594,D,否,0,0.15,0.895164738662031,0.0,-0.0
E360,***建筑劳务有限公司,0.7692998715414852,0.19838236599950682,0.8089763447413865,D,否,0,0.15,0.895164738662031,0.0,-0.0
E369,***网络技术有限公司,0.7994161066881242,0.06790811899952597,0.8129977304880295,D,否,0,0.15,0.895164738662031,0.0,-0.0
E424,***贸易有限公司,0.7875123593595523,0.13839023401192588,0.8151904061619375,D,否,0,0.15,0.895164738662031,0.0,-0.0
E380,***建材有限公司,0.7718189164101322,0.24576638684530572,0.8209721937791934,D,否,0,0.15,0.895164738662031,0.0,-0.0
E342,***裕华机械厂,0.8102417466150251,0.07574019792940706,0.8253897862009065,D,否,0,0.15,0.895164738662031,0.0,-0.0
E376,***建筑装饰设计有限责任公司,0.8227916335092758,0.13752078431372097,0.85029579037202,D,否,0,0.15,0.895164738662031,0.0,-0.0
E384,个体经营E384 ,0.837103041973496,0.0666890691786728,0.8504408558092306,D,否,0,0.15,0.895164738662031,0.0,-0.0
E417,***园林景观工程有限公司,0.830721122768149,0.12122723696327115,0.8549665701608032,D,否,0,0.15,0.895164738662031,0.0,-0.0
E347,***不锈钢材料有限公司,0.8386646597150069,0.08823854196087945,0.8563123681071828,D,否,0,0.15,0.895164738662031,0.0,-0.0
E394,***环保设计研究院（有限合伙）,0.8475927342417208,0.06192304693476238,0.8599773436286733,D,否,0,0.15,0.895164738662031,0.0,-0.0
E408,***空调制冷有限责任公司,0.8492249127450335,0.058842042679990936,0.8609933212810317,D,否,0,0.15,0.895164738662031,0.0,-0.0
E396,***文化传播有限公司,0.852776585829236,0.05921930022867425,0.8646204458749709,D,否,0,0.15,0.895164738662031,0.0,-0.0
E413,***石材工艺品有限公司,0.8482788163788053,0.08946544173045329,0.8661719047248959,D,否,0,0.15,0.895164738662031,0.0,-0.0
E363,***建筑工程设计有限公司,0.8520377473095332,0.08548341199296466,0.8691344297081262,D,否,0,0.15,0.895164738662031,0.0,-0.0
E379,***药业有限公司,0.8573877793678075,0.07109309687857124,0.8716063987435217,D,否,0,0.15,0.895164738662031,0.0,-0.0
E403,***机械有限公司,0.8611635564292881,0.05714903560052598,0.8725933635493933,D,否,0,0.15,0.895164738662031,0.0,-0.0
E377,***文化传播有限公司,0.8661000991231758,0.05585960738956232,0.8772720206010882,D,否,0,0.15,0.895164738662031,0.0,-0.0
E397,***大闸蟹经营部,0.8564164961789619,0.10917243239275028,0.8782509826575119,D,否,0,0.15,0.895164738662031,0.0,-0.0
E406,***招投标代理有限公司,0.866599101325263,0.06372711566566558,0.8793445244583961,D,否,0,0.15,0.895164738662031,0.0,-0.0
E390,***建筑工程有限公司,0.8656716554756549,0.08179318457440336,0.8820302923905357,D,否,0,0.15,0.895164738662031,0.0,-0.0
E395,***网络科技有限公司,0.8773218648310446,0.08137903296876936,0.8935976714247984,D,否,0,0.15,0.895164738662031,0.0,-0.0
E362,***建材有限公司,0.8689374533798533,0.1255585561529186,0.894049164610437,D,否,0,0.15,0.895164738662031,0.0,-0.0
E368,***通信科技有限责任公司,0.9068755704279191,0.05104259198626215,0.9170840888251716,D,否,0,0.15,0.895164738662031,0.0,-0.0
E418,***营销策划有限公司,0.9046382692475688,0.07510183249984763,0.9196586357475384,D,否,0,0.15,0.895164738662031,0.0,-0.0
E371,***自动化科技有限公司,0.9152355842148866,0.05914431563116438,0.9270644473411195,D,否,0,0.15,0.895164738662031,0.0,-0.0
E242,个体经营E242 ,0.9216026804622626,0.12236390426983099,0.9460754613162288,D,否,0,0.15,0.895164738662031,0.0,-0.0
E414,***物流有限责任公司***分公司,0.9397275213315848,0.05671100796281234,0.9510697229241473,D,否,0,0.15,0.895164738662031,0.0,-0.0
E385,***装饰工程有限公司,0.9439088530944858,0.053353030518235256,0.9545794591981328,D,否,0,0.15,0.895164738662031,0.0,-0.0
E425,***商贸有限公司,0.9488611557184718,0.05209102037874927,0.9592793597942217,D,否,0,0.15,0.895164738662031,0.0,-0.0
E405,***职业技能服务有限公司,0.9716934754198929,0.03732757036157479,0.9791589894922079,D,否,0,0.15,0.895164738662031,0.0,-0.0
E404,个体经营E404 ,0.9762218849988406,0.019328017956448718,0.9800874885901303,D,否,0,0.15,0.895164738662031,0.0,-0.0
E401,***遮阳技术发展中心,0.9760594439773458,0.03204654673919091,0.982468753325184,D,否,0,0.15,0.895164738662031,0.0,-0.0
E217,个体经营E217 ,0.9778584016150489,0.040161200077686775,0.9858906416305863,D,否,0,0.15,0.895164738662031,0.0,-0.0
