日期,选择分位数,验证样本数,选择得分
2025-01-01,0.8,0,inf
2025-01-02,0.8,1,inf
2025-01-03,0.8,2,inf
2025-01-04,0.8,3,inf
2025-01-05,0.8,4,inf
2025-01-06,0.8,5,inf
2025-01-07,0.8,6,inf
2025-01-08,0.8,7,inf
2025-01-09,0.8,8,inf
2025-01-10,0.8,9,inf
2025-01-11,0.8,10,inf
2025-01-12,0.8,11,inf
2025-01-13,0.8,12,inf
2025-01-14,0.8,13,inf
2025-01-15,0.8,14,109808.23440993091
2025-01-16,0.8,14,78877.00545138997
2025-01-17,0.8,14,78261.48912594319
2025-01-18,0.8,14,78235.8781403543
2025-01-19,0.8,14,78242.31746184635
2025-01-20,0.8,14,78146.64483037606
2025-01-21,0.8,14,77962.31315250194
2025-01-22,0.8,14,77186.74529897697
2025-01-23,0.8,14,77147.1463900664
2025-01-24,0.8,14,77060.45208982103
2025-01-25,0.8,14,77020.18966834142
2025-01-26,0.8,14,76995.88067907353
2025-01-27,0.8,14,76994.36876503867
2025-01-28,0.8,14,76965.06759786484
2025-01-29,0.8,14,76935.18146668555
2025-01-30,0.8,14,76842.03968412027
2025-01-31,0.8,14,76447.35530389305
2025-02-01,0.8,14,76404.07275271133
2025-02-02,0.8,14,76371.96039277874
2025-02-03,0.8,14,76325.76141805839
2025-02-04,0.8,14,76255.37526986626
2025-02-05,0.8,14,76179.91905302595
2025-02-06,0.8,14,76114.89029685495
2025-02-07,0.8,14,76100.06971398459
2025-02-08,0.8,14,73458.81962850224
2025-02-09,0.8,14,70800.21039765025
2025-02-10,0.8,14,70718.9309326199
2025-02-11,0.8,14,70561.8667295785
2025-02-12,0.8,14,70432.92759397137
2025-02-13,0.8,14,70316.79587402362
2025-02-14,0.8,14,70279.6801508523
2025-02-15,0.8,14,67649.08716835074
2025-02-16,0.8,14,65001.73426224391
2025-02-17,0.8,14,64937.52938030539
2025-02-18,0.8,14,64815.67639536167
2025-02-19,0.8,14,64735.5535087447
2025-02-20,0.8,14,64680.292297097374
2025-02-21,0.8,14,64550.626693996746
2025-02-22,0.8,14,64503.18549875804
2025-02-23,0.8,14,64456.69754378509
2025-02-24,0.8,14,64401.567621756745
2025-02-25,0.8,14,64356.58957091046
2025-02-26,0.8,14,64277.8228547401
2025-02-27,0.8,14,64229.62547030672
2025-02-28,0.8,14,64112.27766827462
2025-03-01,0.8,14,64068.28011289249
2025-03-02,0.8,14,64020.37741071955
2025-03-03,0.8,14,63969.29626814625
2025-03-04,0.8,14,63919.14624797713
2025-03-05,0.8,14,63854.65468612446
2025-03-06,0.8,14,63735.69486224459
2025-03-07,0.8,14,63527.191704153134
2025-03-08,0.8,14,63423.72446727467
2025-03-09,0.8,14,63289.84061530805
2025-03-10,0.8,14,63156.2405354694
2025-03-11,0.8,14,62998.80092890604
2025-03-12,0.5,14,62774.59491740551
2025-03-13,0.5,14,56959.866686117915
2025-03-14,0.5,14,56336.71272029535
2025-03-15,0.5,14,56127.37774398291
2025-03-16,0.5,14,56060.355225816566
2025-03-17,0.5,14,55544.60068853617
2025-03-18,0.5,14,55131.44445279657
2025-03-19,0.5,14,54669.33468636966
2025-03-20,0.5,14,54287.1553070194
2025-03-21,0.5,14,53702.56907820502
2025-03-22,0.5,14,53589.591725133694
2025-03-23,0.5,14,53464.71877034426
2025-03-24,0.5,14,52877.69804946344
2025-03-25,0.5,14,52375.53770252604
2025-03-26,0.5,14,52071.37757962761
2025-03-27,0.5,14,51675.9820187736
2025-03-28,0.5,14,51132.21243971318
2025-03-29,0.5,14,51034.012273464235
2025-03-30,0.5,14,50841.381252535895
2025-03-31,0.5,14,50121.0552489932
2025-04-01,0.5,14,49811.38845493216
2025-04-02,0.5,14,49646.532445398276
2025-04-03,0.5,14,49574.495446991954
2025-04-04,0.5,14,49239.94362642293
2025-04-05,0.5,14,49069.96177920454
2025-04-06,0.5,14,49003.210157884365
2025-04-07,0.5,14,48266.052019532064
2025-04-08,0.5,14,47992.93382982802
2025-04-09,0.5,14,47693.785887063976
2025-04-10,0.5,14,47451.89023676235
2025-04-11,0.5,14,47130.02373225141
2025-04-12,0.5,14,47049.338214668234
2025-04-13,0.5,14,46917.59053892801
2025-04-14,0.5,14,46628.45353341291
2025-04-15,0.5,14,46339.57169021142
2025-04-16,0.5,14,45972.10588522486
2025-04-17,0.5,14,44705.06815559995
2025-04-18,0.5,14,44423.04808248366
2025-04-19,0.5,14,44341.606638451725
2025-04-20,0.5,14,44209.79785790802
2025-04-21,0.5,14,43787.66263964397
2025-04-22,0.5,14,43515.26756951561
2025-04-23,0.5,14,43127.69073170872
2025-04-24,0.5,14,42741.42489516396
2025-04-25,0.5,14,42424.57824024469
2025-04-26,0.5,14,42291.56557585992
2025-04-27,0.5,14,42229.16850008872
2025-04-28,0.5,14,41766.01817958981
2025-04-29,0.5,14,43422.608856695384
2025-04-30,0.5,14,43165.62548046114
2025-05-01,0.5,14,42971.70564950849
2025-05-02,0.5,14,43671.59096449487
2025-05-03,0.5,14,44811.328274010324
2025-05-04,0.5,14,45480.34577288443
2025-05-05,0.5,14,46341.65980927125
2025-05-06,0.5,14,46946.75719597475
2025-05-07,0.5,14,47533.93815606288
2025-05-08,0.5,14,48078.701403929466
2025-05-09,0.5,14,49193.92605922749
2025-05-10,0.5,14,49798.652548138176
2025-05-11,0.5,14,50787.58905879516
2025-05-12,0.55,14,52204.46369112494
2025-05-13,0.55,14,51377.227677742674
2025-05-14,0.55,14,51774.00801365369
2025-05-15,0.55,14,52162.93832942148
2025-05-16,0.55,14,51659.01504195709
2025-05-17,0.55,14,51271.74416349479
2025-05-18,0.55,14,51476.54494999442
2025-05-19,0.6,14,51335.560443447386
2025-05-20,0.6,14,50205.86931261659
2025-05-21,0.6,14,50581.347024662915
2025-05-22,0.65,14,50337.09685616062
2025-05-23,0.65,14,48929.706349912994
2025-05-24,0.65,14,48818.083752162915
2025-05-25,0.8,14,48461.107355989334
2025-05-26,0.8,14,45734.35738477569
2025-05-27,0.8,14,45545.74193038844
2025-05-28,0.8,14,45214.21234158679
2025-05-29,0.8,14,44849.16482585349
2025-05-30,0.8,14,44943.33174308722
2025-05-31,0.8,14,44743.23004651136
2025-06-01,0.8,14,44362.187429718346
2025-06-02,0.9,14,57245.05847459602
2025-06-03,0.9,14,58444.35162578692
2025-06-04,0.95,14,60560.17801578084
2025-06-05,0.95,14,61836.408830459164
2025-06-06,0.95,14,64593.666850642985
2025-06-07,0.95,14,67514.27244066207
2025-06-08,0.95,14,69803.54355539478
2025-06-09,0.95,14,70659.10593047817
2025-06-10,0.95,14,71791.73260351228
2025-06-11,0.95,14,73611.04648957237
2025-06-12,0.95,14,76797.89904865486
2025-06-13,0.95,14,78525.42251816904
2025-06-14,0.95,14,80075.15582058844
2025-06-15,0.95,14,80789.00854409486
2025-06-16,0.95,14,78678.55450011391
2025-06-17,0.95,14,77217.21959328747
2025-06-18,0.95,14,76804.12099431537
2025-06-19,0.95,14,75393.9192804539
2025-06-20,0.95,14,73304.05060683098
2025-06-21,0.95,14,70688.40605211884
2025-06-22,0.95,14,68616.13598985042
2025-06-23,0.95,14,68589.00584015931
2025-06-24,0.95,14,67915.3292444273
2025-06-25,0.95,14,67569.54316444806
2025-06-26,0.95,14,61708.08288504959
2025-06-27,0.95,14,60585.056559938486
2025-06-28,0.95,14,59372.36391434802
2025-06-29,0.95,14,58908.25141344831
2025-06-30,0.95,14,58743.45268119935
2025-07-01,0.95,14,58457.61732381491
2025-07-02,0.95,14,59855.12076081777
2025-07-03,0.95,14,61307.16804754545
2025-07-04,0.95,14,63564.2784380719
2025-07-05,0.95,14,65054.872516435054
2025-07-06,0.95,14,66654.55084831644
2025-07-07,0.95,14,69864.95930221886
2025-07-08,0.95,14,71320.19337372326
2025-07-09,0.95,14,71630.52194158403
2025-07-10,0.95,14,72233.17884306169
2025-07-11,0.95,14,72623.60312242113
2025-07-12,0.95,14,73316.44961312837
2025-07-13,0.95,14,74073.2163344333
2025-07-14,0.95,14,74600.53936278517
2025-07-15,0.95,14,75185.87771053059
2025-07-16,0.95,14,74272.48921769939
2025-07-17,0.95,14,73233.4313078355
2025-07-18,0.95,14,71955.99950508887
2025-07-19,0.95,14,70836.578702002
2025-07-20,0.95,14,69635.42887111347
2025-07-21,0.95,14,65825.32933526135
2025-07-22,0.95,14,64115.63271361489
2025-07-23,0.95,14,62577.953766448016
2025-07-24,0.95,14,62191.34428646187
2025-07-25,0.95,14,62000.43047697205
2025-07-26,0.95,14,61669.334323169765
2025-07-27,0.95,14,61298.98342163037
2025-07-28,0.95,14,61146.7291443991
2025-07-29,0.95,14,60337.88781461306
2025-07-30,0.95,14,60279.76849485637
2025-07-31,0.95,14,60309.73903396475
2025-08-01,0.95,14,60295.58949712683
2025-08-02,0.95,14,60301.388119537325
2025-08-03,0.95,14,60332.31318447825
2025-08-04,0.95,14,60335.797864294276
2025-08-05,0.9,14,60271.94077721992
2025-08-06,0.9,14,59337.72328236504
2025-08-07,0.9,14,59361.26173248245
2025-08-08,0.9,14,59332.12237927607
2025-08-09,0.9,14,59313.44032296411
2025-08-10,0.9,14,59319.551081643236
2025-08-11,0.9,14,59090.66860690856
2025-08-12,0.85,14,58649.554209023554
2025-08-13,0.85,14,57721.89739835762
2025-08-14,0.85,14,57554.198051537336
2025-08-15,0.85,14,57567.86336563105
2025-08-16,0.85,14,57537.7625073079
2025-08-17,0.85,14,57557.98039277334
2025-08-18,0.85,14,57476.39766262516
2025-08-19,0.85,14,57371.558754489284
2025-08-20,0.85,14,57296.5897958806
2025-08-21,0.85,14,57268.59803139779
2025-08-22,0.85,14,57229.426453380234
2025-08-23,0.85,14,57259.38027225128
2025-08-24,0.85,14,57274.618946812596
2025-08-25,0.85,14,57300.707271678504
2025-08-26,0.85,14,57357.815160424085
2025-08-27,0.85,14,57008.77734524416
2025-08-28,0.85,14,56984.374389834025
2025-08-29,0.85,14,57565.06358523562
2025-08-30,0.85,14,57758.1587216357
2025-08-31,0.85,14,57739.596102009236
2025-09-01,0.85,14,57602.80300142005
2025-09-02,0.85,14,57553.839101392354
2025-09-03,0.85,14,57373.040279719266
2025-09-04,0.85,14,57190.93459968196
2025-09-05,0.85,14,57103.85457574656
2025-09-06,0.85,14,57060.75940677445
2025-09-07,0.85,14,57120.20902244547
2025-09-08,0.85,14,56813.340029770436
2025-09-09,0.85,14,56586.03054864763
2025-09-10,0.85,14,56443.95449131772
2025-09-11,0.85,14,56481.134602814025
2025-09-12,0.85,14,55462.488034307586
2025-09-13,0.85,14,55294.175507841035
2025-09-14,0.85,14,55346.06383978815
2025-09-15,0.85,14,55354.013737893874
2025-09-16,0.85,14,55607.61885680102
2025-09-17,0.85,14,55582.340978648244
2025-09-18,0.85,14,55578.74205518389
2025-09-19,0.85,14,55608.698975237654
2025-09-20,0.85,14,55724.1806816445
2025-09-21,0.85,14,55928.06980274486
2025-09-22,0.85,14,56025.44351296746
2025-09-23,0.85,14,56041.384913781556
2025-09-24,0.85,14,56480.92097456791
2025-09-25,0.85,14,56509.40248003335
2025-09-26,0.85,14,56677.19699991829
2025-09-27,0.85,14,56808.20504050637
2025-09-28,0.85,14,57041.82678992625
2025-09-29,0.85,14,59424.33869657434
2025-09-30,0.85,14,59536.224327924705
2025-10-01,0.85,14,61045.13535255993
2025-10-02,0.85,14,60889.66294752017
2025-10-03,0.85,14,60644.091306634575
2025-10-04,0.85,14,60533.90892396537
2025-10-05,0.85,14,60418.844062820725
2025-10-06,0.85,14,60345.27589963992
2025-10-07,0.85,14,60174.229692909874
2025-10-08,0.85,14,60006.72036603292
2025-10-09,0.85,14,59866.15603809894
2025-10-10,0.85,14,59648.25538706878
2025-10-11,0.85,14,59564.15342887195
2025-10-12,0.85,14,59394.85115241756
2025-10-13,0.85,14,58563.62229859461
2025-10-14,0.85,14,58156.616753634524
2025-10-15,0.85,14,54756.46910765179
2025-10-16,0.85,14,54982.273981180195
2025-10-17,0.85,14,58169.771427629355
2025-10-18,0.85,14,58232.286901468964
2025-10-19,0.85,14,58186.78054186792
2025-10-20,0.85,14,59136.54037475084
2025-10-21,0.85,14,59909.38979593602
2025-10-22,0.85,14,60596.92676468093
2025-10-23,0.85,14,61418.33604291249
2025-10-24,0.85,14,61957.420856701865
2025-10-25,0.85,14,61904.5636687042
2025-10-26,0.85,14,61743.59928321907
2025-10-27,0.85,14,62171.2386040835
2025-10-28,0.85,14,62836.8223884646
2025-10-29,0.9,14,63090.48989041982
2025-10-30,0.95,14,63383.60173449122
2025-10-31,0.95,14,61612.4120740959
2025-11-01,0.95,14,61754.92116193716
2025-11-02,0.95,14,61784.68571814317
2025-11-03,0.95,14,61688.89668507211
2025-11-04,0.95,14,61594.965578064686
2025-11-05,0.95,14,61108.91394324048
2025-11-06,0.95,14,60599.92269859709
2025-11-07,0.95,14,63425.341364042135
2025-11-08,0.95,14,63434.7647291585
2025-11-09,0.95,14,63547.500978480384
2025-11-10,0.95,14,64084.589527141165
2025-11-11,0.95,14,65052.443082251775
2025-11-12,0.95,14,65552.44342374298
2025-11-13,0.95,14,65174.719782194654
2025-11-14,0.95,14,65858.09813245609
2025-11-15,0.95,14,65952.99242703269
2025-11-16,0.95,14,66469.90546465896
2025-11-17,0.95,14,66848.28237941329
2025-11-18,0.95,14,66741.37927108802
2025-11-19,0.95,14,67744.02871061007
2025-11-20,0.95,14,68290.96231996972
2025-11-21,0.95,14,66941.18456065074
2025-11-22,0.95,14,66800.8017070553
2025-11-23,0.95,14,66805.7378719725
2025-11-24,0.95,14,66809.47738600365
2025-11-25,0.95,14,65638.5784350151
2025-11-26,0.95,14,65681.22037211723
2025-11-27,0.95,14,66033.44055683304
2025-11-28,0.95,14,65805.7777567217
2025-11-29,0.95,14,65716.14743157219
2025-11-30,0.95,14,65930.74518550036
2025-12-01,0.95,14,66578.39841010128
2025-12-02,0.95,14,73568.19486913235
2025-12-03,0.95,14,76442.53231817632
2025-12-04,0.95,14,78165.35480205066
2025-12-05,0.95,14,80244.13792487595
2025-12-06,0.95,14,82470.12133032364
2025-12-07,0.95,14,84335.68626135479
2025-12-08,0.95,14,85790.11473981038
2025-12-09,0.95,14,87135.81909547979
2025-12-10,0.95,14,87707.95204552363
2025-12-11,0.95,14,88510.5567984558
2025-12-12,0.95,14,89136.6242881435
2025-12-13,0.95,14,90160.29548186736
2025-12-14,0.95,14,90204.21532630517
2025-12-15,0.95,14,90439.4267650172
2025-12-16,0.95,14,88844.16119700273
2025-12-17,0.95,14,85363.73959825319
2025-12-18,0.95,14,83632.84933845773
2025-12-19,0.95,14,80606.44410392572
2025-12-20,0.95,14,78613.50301366994
2025-12-21,0.95,14,76695.0927818651
2025-12-22,0.95,14,74268.85135523217
2025-12-23,0.95,14,73102.20760534068
2025-12-24,0.95,14,72514.73518341329
2025-12-25,0.95,14,71481.4378869219
2025-12-26,0.95,14,71277.93639862156
2025-12-27,0.95,14,70263.09612567868
2025-12-28,0.95,14,69558.85093088353
2025-12-29,0.95,14,68335.3612429386
2025-12-30,0.95,14,67314.30148000145
2025-12-31,0.95,14,66874.55732649846
