情景编号,问题2原方案损失_万元,问题3调整方案损失_万元
1,115.30297786566082,98.90658967015534
2,114.47003576870105,98.1842478815924
3,111.45229688519964,95.50183827782543
4,112.17086231433694,96.12708135457962
5,110.6361283539691,94.8274463978308
6,114.43827008211366,98.16199034944916
7,110.98519813402072,95.16421422763354
8,110.03883642779277,94.3496851614197
9,112.37930395025393,96.36643526059012
10,113.59155054137736,97.35903819260182
11,118.4328697693433,101.444441975818
12,110.3208261020625,94.53438929580683
13,119.8704277520976,102.59695483248456
14,111.73809120308083,95.7435472414925
15,114.41609901691332,98.07614296823567
16,112.52423830909837,96.39655734451861
17,113.6378128163729,97.44341679308292
18,111.37656613080523,95.46958906026974
19,110.54756784626453,94.67547056237885
20,112.43577744054264,96.31273593941913
21,115.68778955164393,99.21958351601114
22,117.88355446937717,100.94528778342124
23,116.23934702814962,99.3739643157585
24,110.01345459014304,94.3289442780641
25,111.1144468714727,95.15135197116618
26,111.33829484838246,95.42303751892365
27,112.84560066780938,96.69383789295125
28,111.17001310903873,95.2270208064033
29,112.04360113615985,96.03027869480903
30,113.2481930849352,97.09296585069436
31,111.03957117590718,95.20734403117436
32,115.2033027790128,98.71421572400436
33,117.2646002230706,100.41244698878319
34,111.9677882825912,96.01211984617854
35,113.88690726363794,97.54240142793506
36,113.12014159667562,96.96308089614011
37,109.96337963727329,94.08794199664989
38,116.19278743144274,99.75532247455203
39,117.3004861708553,100.46090308032129
40,118.95090320311782,101.74285286765812
41,116.09425214962073,99.30353834688643
42,110.65050622970787,94.80861715103637
43,116.00368632871317,99.3010080742837
44,110.50199182267568,94.63644214822578
45,111.13541824667983,95.17829792431979
46,112.89799205413156,96.72728004688622
47,113.41907276172131,97.26136273719666
48,121.96103027722977,104.44853642799222
49,110.1777016932777,94.34360470401921
50,111.44067493254482,95.57032867977071
51,114.51627989443546,98.18364975928756
52,113.74849766495382,97.51406841136208
53,113.53647102274175,97.27362991419443
54,113.5876758767385,97.34243699344427
55,114.02892351135176,97.70219214898422
56,113.13143429293753,96.95294431109647
57,110.03833381633528,94.25785069680694
58,117.80801521758949,100.82781061926522
59,110.7701873001918,95.00903628305983
60,116.70235998110978,100.14835895457658
61,110.02785240995817,94.2449269207298
62,110.3611854062978,94.52840932391057
63,120.38910370354172,103.00655917012169
64,107.78377957494476,92.39829662058199
65,108.70654021231537,93.21098449529566
66,115.46385862077923,99.09468429349288
67,115.37869211691097,99.02005236395956
68,111.80853166708185,95.86083377298345
69,112.05466393003242,96.06421945156681
70,108.94223122470129,93.31536421923194
71,112.18459639683653,96.0482772441461
72,112.12547797577574,96.07317182221439
73,115.15828062132465,98.75724987411316
74,112.59646785944095,96.43425393145873
75,112.42256341537745,96.32228038324294
76,109.97220379293447,94.2037015406797
77,109.53778335973894,93.9660909543349
78,113.02386612422609,96.87954445701295
79,111.93632953429193,95.90379002017156
80,110.51427522216687,94.69438226082102
81,114.28030285497165,97.97445116634972
82,112.87047974899056,96.69924532360324
83,112.42558387698513,96.36896454723717
84,111.63930285299826,95.65781538080856
85,113.85913507535321,97.64879918602523
86,109.18378641354337,93.66594479949373
87,109.86530285559277,94.0981974890463
88,112.66451615091796,96.51518423987119
89,117.33352023324885,100.70279850030238
90,113.53179800512036,97.25834037295881
91,114.23082638129196,97.80503808287669
92,114.29914299319803,97.98370605221729
93,112.57628335379455,96.50854844094249
94,112.27071173399506,96.09378505858288
95,112.12510139118861,96.06870224940428
96,117.59528293704638,100.89638070211801
97,114.0255921330544,97.70235799783354
98,115.05700816434327,98.73384370755605
99,118.79921432485546,101.90763729211
100,115.93166371669963,99.49178465276282
101,114.65086484356864,98.07972999430274
102,111.19650510785345,95.2068823274796
103,117.19477890918606,100.21768566486858
104,108.77289366818076,93.21141887807656
105,109.11443941528375,93.60291568736314
106,112.91336187713635,96.78583919362636
107,113.46750981756456,97.26240827697362
108,112.73631689495292,96.62722640126012
109,112.64573424824327,96.48734843713356
110,112.36771163770868,96.31969490492041
111,119.4078351812143,102.19957086579447
112,112.02119969302977,96.00420768112357
113,113.07851076174883,96.71008065785544
114,111.52987952185538,95.63449899112251
115,114.95589829044566,98.66621833841086
116,113.76873726173106,97.40071686578707
117,109.22478709442282,93.67554624393108
118,113.17403827187162,97.02839682333315
119,113.53908232321521,97.25235651869075
120,109.65348754427978,93.94305851922296
121,113.84497720845454,97.37705508416171
122,116.64594896003896,99.78535962937241
123,112.38965004394811,96.31963971128607
124,112.0424394184505,96.05494108473555
125,113.48335708983463,97.30169964907182
126,117.84076445983325,100.8892071064176
127,119.11155577762845,101.98361061457132
128,113.55684287493278,97.31103620141573
129,109.7956529332873,94.23827144503036
130,111.54734852320267,95.56213333778632
131,111.68969118271445,95.67922054125222
132,112.69669764364195,96.607317146655
133,114.31792709654117,97.8916786185415
134,114.71916768780218,98.38020249671112
135,111.67976750091556,95.76034317683306
136,110.68027980523306,94.82232558579189
137,112.86030739802075,96.72494881805375
138,114.29623568461129,97.96614877364455
139,112.85071381040242,96.68130997923619
140,111.89324509308561,95.85220075241877
141,115.7243033175532,99.40778858141499
142,115.30460577896284,98.91832857672796
143,113.02202593797638,96.8575322896971
144,111.72320642276664,95.73835604082326
145,111.54855861428393,95.62411280594495
146,111.87431910714889,95.84962855971472
147,112.76352602847831,96.6048320948543
148,114.90280284583599,98.47445916507604
149,122.04006075682634,104.65108130477606
150,115.43408107436456,99.12580265656467
151,111.81892678438035,95.65678764068683
152,112.6283060756138,96.508874119258
153,110.81821080915203,94.86046902816247
154,110.34426677166482,94.54278360245931
155,111.72921296148978,95.7573877149263
156,111.38391354837819,95.48879190066728
157,117.39307454206482,100.71175904758388
158,116.47038160277329,100.01022713687684
159,113.97632123936597,97.5132546502874
160,110.8104087398573,95.00902027031711
161,113.49886039063543,97.33736023336424
162,111.96715024413021,95.92725218573831
163,112.17553194451315,96.14340273399938
164,121.82847672244273,104.22871768983494
165,112.966577167014,96.7702201719289
166,113.7414102077804,97.46978672793377
167,111.82296455046449,95.87265251143764
168,112.56974717672844,96.50931558736943
169,113.87301754399377,97.49374289408553
170,115.8042730948969,99.11504446131048
171,111.86107602637614,95.7732015076146
172,114.0802771438389,97.80066755817639
173,112.17780357465091,96.17227504562473
174,115.40090163656426,98.72725705202345
175,115.27794423601556,98.71714112971942
176,111.30151400272032,95.34472518487033
177,112.8505433049836,96.76786095045799
178,112.62200275218197,96.48547493602138
179,111.53514812270947,95.75146316627
180,113.35785788303369,97.18472531855525
181,115.79044574076629,99.38628771034459
182,112.20020177624453,96.14790265033652
183,111.79154674290832,95.8716002575022
184,114.14514229667634,97.81366588256657
185,108.65440022567941,93.13260388562448
186,111.9702003004005,95.85209512603771
187,117.04084359677935,100.34235358623746
188,109.63133197242523,94.00821445835271
189,123.40052586985199,105.78760445679248
190,114.18400027392326,97.83936205512221
191,108.37196185125953,92.86382484985882
192,112.28435463228949,96.18924646023657
193,111.39574555079813,95.45823944959203
194,113.42202700166278,97.40205622150727
195,111.39823193760127,95.47768453011315
196,115.54867270942263,98.96936216246863
197,111.04508796577554,95.12825703543082
198,113.97463718653759,97.70268693909645
199,112.59651803443052,96.47868635926602
200,116.19892066636791,99.5200262529407
201,111.64982819588397,95.6533299411339
202,111.9152403287371,95.93266738636447
203,110.8755238310793,95.10191222477121
204,118.82140258434099,101.72079155627178
205,112.83913403157133,96.70037753261127
206,113.28511206399139,97.0658152525445
207,114.27860032760456,98.02103506788545
208,113.53722084399736,97.31413189993567
209,112.90908702425617,96.69336292069667
210,111.9119698649992,95.9413849229012
211,110.27302048851809,94.56592372053004
212,119.29190937376711,102.11200389357631
213,114.64109524909651,98.366415587694
214,112.53932548406698,96.46517995789635
215,120.57655978289188,103.16216341101578
216,114.72331805535104,98.4867829353024
217,116.15519067134952,99.5377967081618
218,112.55011628463467,96.68386506098253
219,111.65293039209493,95.68879053065106
220,119.5700603813162,102.29305347034366
221,111.49775426302534,95.49314523577831
222,109.51342969688616,93.7757442913406
223,113.30253511186478,97.13359263955775
224,114.41889374935133,98.05771746636297
225,111.54692695556349,95.62585778292518
226,117.66330897639159,101.04163860891029
227,111.19673633181134,95.33848263654443
228,111.78289465861053,95.76162720910715
229,112.06771556836247,96.01928652402933
230,113.17952979579186,97.01920359434871
231,109.8122734134524,94.22122882137405
232,118.16912244515242,101.33324496543737
233,111.19194263244555,95.2447367237156
234,108.65271540358533,93.165995035109
235,109.70545749008329,94.05389357197039
236,110.7086653563188,94.94646898894608
237,113.1654366082038,96.94389645188481
238,113.31312708676062,97.13939192485346
239,107.34370758912877,91.99541593801929
240,110.81654729754447,94.9659692202525
241,112.43897651651827,96.41839413037317
242,118.2041173512471,101.38618971598903
243,111.22550790194283,95.34085132533842
244,116.98780469718355,100.22406585758723
245,111.60879565120747,95.86676204489243
246,121.24717898325977,103.768386970307
247,114.22815321091534,97.91320688045218
248,112.31101360898876,96.19479147215526
249,110.16373973612619,94.53873708597091
250,113.75001609332554,97.51534235515103
251,113.08462749299103,96.75581157359011
252,117.51589966383422,100.58370464648574
253,116.09553681848944,99.68775666284697
254,112.1917483500155,96.25898422657221
255,116.48634079839391,99.99104782106653
256,116.65133458411027,99.84807035782745
257,110.42970205798142,94.78891554678222
258,114.36456079265017,97.98077229884585
259,113.10085665140707,96.83471603154237
260,112.4883019531336,96.40343699605604
261,110.96463689962883,95.04727165969825
262,109.5360200311394,93.84417792102494
263,111.47650206151259,95.5396571310359
264,111.40853267099716,95.50752187598539
265,111.79185754413137,95.85925507261567
266,109.89500247147782,94.14818463150105
267,112.15668172312016,96.18155331582788
268,109.71108246721779,93.95414179987853
269,122.80349198842629,105.28714911772632
270,111.8308557762378,95.82910757228275
271,111.42689845447359,95.46512345200009
272,108.95846762025465,93.48255873817348
273,114.24114832211504,97.98967762866215
274,119.01925244967116,102.05695447743128
275,111.69046354488393,95.74990979023222
276,113.72576558001587,97.47215477405442
277,109.49128870999675,93.98272821124674
278,112.03097370661445,96.0308283456121
279,112.89602049849418,96.7448165942197
280,111.12621982146533,95.25869289630671
281,114.01264910196127,97.76153578199288
282,115.51840660232452,98.9543425272453
283,116.45705529667956,100.06877369347576
284,115.57887586986708,98.90544446659206
285,108.97612801976098,93.32910491042512
286,112.76028902649115,96.74199480144144
287,112.1010218058947,96.08938534810486
288,111.6278945259751,95.60847235055579
289,111.74532928358795,95.64640233118489
290,109.61752282013558,93.9039572769552
291,113.06149180367402,96.91323418942129
292,111.24116605448074,95.30256548375607
293,115.11037243779408,98.73275504390328
294,110.83375932643878,94.8658443426782
295,114.03244557198718,97.76311500704395
296,114.75080644038164,98.43601866614875
297,118.07458749214898,101.14584997612639
298,113.78607866217696,97.60130820495979
299,111.96050533468383,95.98918773517488
300,110.30126227737156,94.57938026917407
301,109.89896938649284,94.26564541465453
302,112.8828367472567,96.71491598800742
303,111.42514795718921,95.46649185434418
304,109.3116210669649,93.67400672027087
305,114.67570622233045,98.56494322559902
306,114.22604319704762,97.8273184362159
307,111.91694111069367,95.92317002981201
308,111.45989692249671,95.53844752771242
309,111.57332659654527,95.70098134648792
310,112.13008012441897,96.08521909087574
311,112.48325005375887,96.23788110771441
312,112.55602098096722,96.39265869912461
313,110.44374985930496,94.70917845216815
314,111.46722703864876,95.51382234750845
315,109.76594099105985,94.15973347756108
316,110.76033118026835,94.89017819902516
317,112.48506515396255,96.4332792009881
318,112.29701378978727,96.12630858410185
319,115.78781799799435,99.37719359927831
320,109.8987440907147,94.27571771059723
321,112.51940700617894,96.61906113250954
322,114.40054583213676,98.12289762762848
323,113.55628691686192,97.31078093678407
324,114.52501702827782,98.256063201543
325,111.73303108416123,95.8056967007422
326,111.85772247647364,96.01217615219872
327,121.18572131994364,103.95542094697821
328,115.33330964777284,98.88207167718618
329,111.20562222339522,95.21758153583923
330,112.5727517157216,96.53746743663152
331,118.39405035283995,101.31737307397302
332,110.45564086191251,94.6379564713074
333,114.41108073011115,98.07062762332939
334,113.02359043526465,96.86943282963787
335,112.8982454287418,96.684194853027
336,111.76550743074257,95.81775514416117
337,118.85697373034185,101.7881591579561
338,110.63985447280544,94.91186168998107
339,113.02720992868807,96.88048138592447
340,113.35491316137991,97.20827843038836
341,113.16563262163544,97.01284345359393
342,114.11638145657184,97.86525029193064
343,114.18256239800071,97.78748405120791
344,113.19037798909349,97.06496809201013
345,115.67942646850355,99.0867350439291
346,119.49196343537099,102.57193406428193
347,113.66394380209748,97.55163400510096
348,109.41177631615906,93.73918296929757
349,111.39067059092754,95.3583313801777
350,115.48937157823723,98.95211511290685
351,113.12430225734343,97.04432857023232
352,117.17311785097856,100.42670998153201
353,114.2781751233073,98.16096838123336
354,113.77842149816635,97.49494413005726
355,110.85261026936135,95.15289619473646
356,110.3079115384286,94.56995982370223
357,112.824502995437,96.88182601631121
358,112.51222480647559,96.46189229225082
359,121.11497353161555,103.72592049969388
360,112.79868345562576,96.66300626183906
361,110.4970460397766,94.73628277527163
362,109.62006180688161,94.07999614534624
363,109.64814376933569,94.03427351054381
364,113.75412905417944,97.756402329859
365,109.23849749453392,93.7061565919142
366,112.8328419385372,96.62952417074501
367,113.2101425333652,97.07841214074591
368,113.18991340588002,96.9657027527097
369,108.70964367451316,93.29208239435974
370,115.88587902897665,99.23831254621055
371,116.52731594735775,99.76065279521852
372,111.69666965930094,95.65512038757133
373,114.6872339035305,98.39944016829453
374,113.55521970406946,97.34923250830678
375,119.0312777495239,101.9801016539102
376,112.37156089200398,96.31694926189482
377,113.02033065788069,96.87286203492945
378,113.29267988128123,97.13599425644499
379,112.70329898891237,96.43667684154671
380,111.95843351950113,95.97708151873758
381,114.37710575005059,98.034989344861
382,116.16051841831104,99.43431993708701
383,111.46926589099343,95.54275475768125
384,112.70884449749727,96.65678468421794
385,112.36141139183982,96.281250937406
386,112.90225647526884,96.76954532139341
387,117.88158528517008,100.85536142030597
388,107.68062744450421,92.27302930123838
389,107.87962037006427,92.47855424201359
390,110.36966842672693,94.56696188026207
391,114.00037632424228,97.83405992366318
392,113.48545183660937,97.08525934930216
393,113.33354267452502,97.10028491453156
394,113.65791170633516,97.45315172184058
395,113.7375066905942,97.52346973256186
396,118.79455711337108,101.69777647577514
397,110.01178281497957,94.3692804078919
398,112.63388589323404,96.5743031979211
399,119.07650930257016,102.04488636473529
400,112.0215716716566,96.05847870647224
401,113.32781712689825,97.08931874376186
402,111.14037207780301,95.1966247559535
403,116.66114934478847,99.87306228997826
404,111.6153081856707,95.708034408407
405,109.45261247071943,93.7891064564784
406,112.41684690665404,96.5431640029982
407,109.61908389568383,94.02311975067713
408,111.56715857389935,95.61017766459229
409,111.68515911656807,95.7588335064739
410,112.65776058427424,96.55358234795285
411,112.13484575475806,96.15788844230471
412,115.12799771376707,98.52681907918574
413,116.7604538566584,100.12816188475941
414,117.03394437909981,100.23867708137733
415,118.5274052488923,101.53194491947164
416,113.05481550357959,96.84383862593701
417,111.7232441612753,95.7352371531359
418,114.30443772802965,98.02692407524006
419,109.58316411220954,93.94028432655067
420,110.93206184378332,94.94782125750746
421,112.70701026857975,96.63910305504878
422,112.17982895589306,96.1786052718906
423,112.32604940728035,96.29118118813106
424,112.6552875963876,96.5378782185092
425,112.42511534923254,96.35109006260848
426,114.99255469746886,98.49791254124017
427,117.22245955849358,100.29279859214057
428,111.00088832028085,95.12382960220705
429,111.39054150517866,95.48982838699942
430,112.25668511695056,96.16941809175846
431,113.51169467425242,97.18180525738555
432,110.17144504669426,94.30460101450258
433,116.06083433058623,99.32501456053006
434,112.38448446703168,96.31577372701761
435,113.29714879868146,97.07987727760515
436,111.13355327258094,95.28609547223098
437,109.98786310943359,94.20419680253728
438,115.79185790090105,99.41075734180282
439,112.69195461892674,96.54267794021406
440,114.4753930404163,98.20914918931537
441,107.77497768259069,92.37673228724935
442,111.33688084514668,95.46885305643022
443,114.58495740051342,98.24857249366873
444,112.43050214092749,96.3646405091626
445,111.73994405642813,95.75596603617053
446,112.73113571771047,96.65456809619263
447,111.99797383273487,95.91575429026281
448,110.9497430414314,95.09048596295602
449,120.03673100114752,102.89214658717562
450,114.9881596675212,98.74524250203606
451,107.94819597513006,92.49730145934842
452,115.26859806019642,98.7099557536491
453,112.57156162141484,96.52335722300334
454,112.851859421091,96.78589904593076
455,113.1741684773994,97.03019273474632
456,112.51773304926303,96.38863386155157
457,110.18295591001737,94.51825693907409
458,113.93674780314595,97.65828761120198
459,113.01396269831227,96.84493984373964
460,121.05382628315549,103.75845504407917
461,112.5331383944162,96.55030019590103
462,119.49852951623402,102.13836695459959
463,110.42197005015505,94.65389988672604
464,114.7961277876197,98.26798364800561
465,106.81046510773865,91.56027936422457
466,116.54943319101957,99.72610692956403
467,111.28791232988361,95.2669020200452
468,107.92808631454214,92.49561664217325
469,117.9055803491587,100.906348731174
470,112.38726661463899,96.349839693897
471,112.88971398443067,96.72848146554753
472,113.43344358652654,97.26877203205584
473,110.76438959273497,94.77689691326464
474,108.80651719153238,93.31318317930253
475,112.26550579697087,96.21680059430147
476,116.70966742980099,99.7767631707437
477,115.58286909769646,98.8351915009961
478,113.10185515260996,96.9076871835874
479,111.50722748389671,95.63240690889342
480,113.47447619157123,97.28903041944552
481,112.0667383735717,96.04118208840562
482,112.33595218461608,96.28628293248975
483,113.5912532707768,97.38840471707954
484,114.33857731940628,98.09530587770249
485,121.9403716461172,104.65140115608187
486,117.94656172501186,100.89387545342589
487,112.5357193268944,96.45500863758491
488,112.40745715125283,96.20159090827138
489,115.60336760581953,98.94231711936891
490,112.63945266445555,96.50738309851684
491,117.04858355920985,100.22670100643302
492,112.41622337786721,96.3614828939596
493,112.01048704216285,96.0727443420067
494,109.3614440657356,93.76564403830817
495,110.96862003556458,95.04612419282991
496,111.36806561181923,95.4095706630666
497,109.69470272101708,94.09794021496836
498,112.62857448509712,96.55208374279805
499,108.08842149511617,92.62295251433298
500,111.63793879741095,95.68244797410078
501,113.35805399789601,97.10960634790389
502,111.80008636091854,95.86429307793233
503,110.28098702940723,94.55344345628657
504,112.02191269227748,95.9805447804888
505,111.21236320046545,95.32660153770699
506,115.90189174545628,99.2429631619964
507,113.38235714143067,97.1083392944548
508,110.39827905959638,94.66289916670642
509,110.42025422434632,94.61275305941568
510,113.42376898544066,97.25081951891025
511,112.33773221365294,96.26565024568146
512,113.5121963457513,97.22636740525704
513,112.96617710674204,96.86436081072574
514,113.10032546124606,96.99952267073158
515,110.63857290098417,94.74215650302324
516,112.36958583184834,96.29056183217634
517,110.43105175287435,94.6941614591702
518,110.42493467954783,94.65141372847268
519,114.01765202612887,97.91896270650969
520,114.51548809843956,98.27557566613507
521,112.45045837306449,96.4334401868407
522,114.78265317172838,98.47306535743054
523,109.56581464349676,93.93007576216576
524,109.56424585985064,93.77734922567862
525,112.8528736685633,96.79605673098908
526,110.03469775918964,94.32918957784587
527,110.84648859155097,94.95272242800161
528,111.79844555477942,95.86047473448438
529,108.99051314227333,93.37050073777382
530,110.9800495170708,95.14912342769382
531,116.19700297403217,99.45094675713129
532,120.34776550891641,103.25737768453068
533,111.19634853226418,95.24438605662795
534,110.07669404594812,94.31729184704155
535,113.55482285744871,97.41014690749692
536,114.88225880226307,98.47576482601804
537,109.39560947658643,93.77384906578163
538,113.77128682174495,97.44122651376533
539,112.42959834130177,96.37111900535251
540,118.04833451200571,101.06826064577265
541,112.33009034046785,96.31123588614318
542,109.89059939962588,94.21629135199322
543,110.62831806689152,94.83701925862002
544,110.88789075249352,95.00908633095611
545,115.31516994331108,98.793904254116
546,109.8673294136436,94.26338809906231
547,113.05438999997345,96.96985887306931
548,113.80248883093624,97.539932054027
549,111.62789172645154,95.62776193143833
550,121.73908649256538,104.4537330056508
551,110.18166634989414,94.53416571810006
552,113.27372675026842,97.06011569408716
553,110.82868050939682,94.95758423839882
554,109.197500239568,93.61105101766651
555,112.52272635324091,96.40886230936049
556,112.95897215112524,96.8043541619569
557,112.83180140414689,96.71022478229517
558,112.49851330284746,96.43934724228907
559,112.58302522956188,96.44716432100324
560,112.70748597768885,96.60263293733988
561,113.06030507264326,96.86811275577595
562,117.70531512593305,100.73805769334399
563,113.20016891812764,96.98493612142755
564,112.12405920212466,96.06058103592014
565,112.09229021347517,96.1455524549207
566,111.99559129042534,95.99394789739934
567,116.89042842958614,100.08368935183438
568,122.25292688143142,104.69489245537522
569,109.38037991669596,93.78380668483666
570,112.8121788700409,96.69588281453761
571,116.44317951086998,99.6802319636472
572,114.60087755366207,98.16489699224805
573,112.6447628077921,96.4791633315495
574,115.66596553147468,99.269751564921
575,113.7281926277784,97.49005086935821
576,111.9306547903198,95.87196629634252
577,111.74596331384024,95.83078496866555
578,112.23701589858392,96.21082460144223
579,111.97396831320845,96.02433566358405
580,111.87767445032486,95.96962156984571
581,110.9564512978906,95.1338709594653
582,109.97626702765106,94.27336415616983
583,111.24809896465186,95.30697158081956
584,112.45145036500566,96.38506464444198
585,111.21998385404754,95.38760555029782
586,111.88577568405393,95.91940490606085
587,111.63750152034342,95.70228049860677
588,109.96558414778055,94.36642126640277
589,112.53102317339506,96.46246855612291
590,108.99447656557726,93.48099849465156
591,110.23213539871134,94.33555272285938
592,120.32192724957564,102.9013057896158
593,121.59332708050832,104.24774068433183
594,107.24127450386216,91.9017725601359
595,119.49142039680939,102.22894564103166
596,112.15581107143768,96.2901062021689
597,112.49369543840506,96.38380430365703
598,111.4565340424439,95.45606789563601
599,120.08511343558368,102.6925046619607
600,112.46880061289932,96.33917690234412
601,112.17595754557371,96.14480664238322
602,117.97560393479,101.06604664356269
603,107.51242406413645,92.13751702828984
604,110.50573952508532,94.8234961542565
605,112.50642224022359,96.49991285044693
606,112.13271325373617,96.10128534326884
607,111.7434454825787,95.75249686241965
608,113.46961502941946,97.08985579085669
609,110.70750075230825,94.90283554703822
610,115.27070889081483,98.97507062081944
611,117.48160924164138,100.9677240831701
612,114.47601914493002,98.01786491824242
613,113.65787998958689,97.37757754029428
614,113.41054432693136,97.13806289309916
615,112.47090200740894,96.4549154090048
616,111.18269255922378,95.23746876788377
617,112.5532765817197,96.43591938524571
618,116.3272539210551,99.68097291340311
619,112.58781027813501,96.51589927657582
620,115.21250343418663,98.87012919877333
621,109.0323577276521,93.50493866063476
622,117.087392232302,100.14128632351263
623,114.2518666599771,97.93469537557176
624,113.0169330097643,97.13574000942728
625,109.87905868863179,94.17654566176965
626,110.45257810136349,94.6791687052287
627,111.59566289263554,95.7384669099356
628,112.51788452665687,96.40148389661374
629,114.13935553801815,97.862382909583
630,109.60310950912489,93.97771743020772
631,115.58610068665962,98.98556454730378
632,109.70908836933356,94.11186110075137
633,111.76460640705119,95.8345384699864
634,111.9819772748931,95.97874079473186
635,112.35182502745809,96.37540919089886
636,113.4646631394042,97.26363955865503
637,119.4453306219291,102.18133813969322
638,110.94862750313024,95.02481980729115
639,114.07347077202184,97.85751187639309
640,112.83355886863453,96.59263447135984
641,113.05129169374837,96.93183562841824
642,112.64387524787281,96.4982435220018
643,115.97443944797645,99.23706085459035
644,114.15986492625974,98.01469306624239
645,113.23184470334591,97.03098006284078
646,123.66598382734561,105.96289450013504
647,111.93867162402952,95.94367604151344
648,111.17594267356512,95.32352513705942
649,110.53488701263129,94.69286926129676
650,111.1131996154605,95.28374922052832
651,111.45533378875251,95.47673597514529
652,112.65855890707215,96.47782840887774
653,111.86336747398425,95.9109731820314
654,111.7880607549305,95.76068192975951
655,117.59721937265323,100.6500584692717
656,112.41800957659993,96.4254926685505
657,113.88838054747727,97.59967564912837
658,111.5879051081932,95.76589755680237
659,109.77760420071792,94.18245929594237
660,111.70678125434534,95.69709363003689
661,112.54671517026804,96.45157212970189
662,108.6388568181851,93.20833941711159
663,112.20589470423775,96.22456325801147
664,111.91749070164546,95.97126583191687
665,109.7268599982386,94.18556730029982
666,113.78060129061623,97.52102378022013
667,110.37740451814443,94.76701304509427
668,110.48646210808418,94.6745042402012
669,117.16235493124336,100.26510640694758
670,112.85774542364979,96.7392699549907
671,115.09252552053813,98.59998675919492
672,112.51818427519943,96.5675147041224
673,116.65250564824179,100.14045914851407
674,111.77350120310683,95.7747279406558
675,112.33471924655275,96.31382684857455
676,114.25152530804576,97.95036641369462
677,111.41430288778203,95.44048110809811
678,112.63402252678807,96.53106673753285
679,115.04990906402661,98.41151658202203
680,112.35398750926083,96.25230907125365
681,113.76493760246129,97.52064226131097
682,109.24857583699851,93.68744463179263
683,110.6980002993913,94.88979408943948
684,112.15696914498166,96.16649537386023
685,114.50942998023646,98.2529002441846
686,111.92295853788207,95.94212151501128
687,110.80538959936408,94.85023008361874
688,115.85461602025231,99.4456982015762
689,108.37334899108181,93.02032299723841
690,113.04571214293327,96.87019730827676
691,109.75500894443385,94.08447236879398
692,107.92113363881069,92.5178767011991
693,112.18465368803203,96.22724286812723
694,109.80412821647127,94.1938857159659
695,112.78754845723861,96.71435621421037
696,112.78849387064268,96.62420730621497
697,116.08610873845413,99.60166116860995
698,113.42327903200447,97.27520472509832
699,112.11809606564097,96.08229616740823
700,110.374192751322,94.70089247522222
701,114.56665784612248,98.27568873258011
702,116.91304716318812,100.16236210171309
703,119.73955801124237,102.4391303094811
704,111.87412741197957,95.91994862280055
705,111.90983653742143,95.84283066235876
706,112.9908506511824,96.81924635264174
707,110.7445715382159,94.84626394440089
708,112.0532996038497,96.03592729572904
709,111.18234989384482,95.23239818938444
710,113.65753822675987,97.39527589191147
711,112.78476465253148,96.66929839904381
712,113.2999834335401,97.11650207710089
713,113.27878095634432,97.04203849067423
714,109.62619578097559,93.99602841541767
715,114.9244077444108,98.38323123731391
716,114.0981193069111,97.86756559924001
717,111.73905617669894,95.72700333781162
718,117.45745021907824,100.58220962672938
719,117.90143535737559,100.9891867859025
720,111.0307663231992,95.07417258782537
721,117.42705621765205,100.36450939274201
722,114.39521657608896,98.01872363141747
723,111.88837317302864,96.02094071200386
724,111.9142512904713,95.91748539840873
725,111.37542099536545,95.52143697771788
726,110.41545350679526,94.74126092075991
727,115.83951397521496,99.4026409050102
728,113.50918177853032,97.2596120255563
729,110.10098128605043,94.48012436050651
730,113.09581204234289,97.08199996349137
731,117.70139364689099,100.76073516577607
732,119.06793091926082,101.92087169179744
733,115.32941576876387,98.87250701099416
734,113.39246724114014,97.2560116693895
735,116.45767155521268,100.01509094869994
736,113.59410901179203,97.39746634259335
737,114.44021204183419,98.01652552661069
738,113.96259116563144,97.71631161538886
739,119.68198819920326,102.47154571514724
740,117.46219971027199,100.57413722888043
741,112.4607233620178,96.42182893124026
742,109.4204503010723,93.69478926373097
743,113.17203569370224,96.96421724722934
744,111.77748474673947,95.83586373952915
745,110.96194818203975,95.0936197811383
746,111.28519964608702,95.28694893179049
747,112.56219377501506,96.42178564307648
748,111.54107523915991,95.655534085473
749,114.4314714829652,98.0786682818355
750,111.286805603804,95.39724827491848
751,111.28600190757493,95.3954778072644
752,110.85359940616974,94.92194428967696
753,114.74198786378261,98.28094981822842
754,113.13570105099723,96.96200367258831
755,108.39373910605802,92.85084176715597
756,110.135476748409,94.47127817005853
757,109.8893659355829,94.14377611318874
758,111.76381564819235,95.81901703426473
759,112.70084133736819,96.62986053842315
760,110.80115882209827,95.0302007639865
761,110.16606030399507,94.46779917153438
762,110.6528549456015,94.86461458573646
763,116.94456041717196,100.46021280529106
764,117.43192371477086,100.52912019465514
765,112.46578928066566,96.27231258643778
766,110.95661325286908,95.15672133352088
767,112.43065884682787,96.35458230553998
768,122.07861658242449,104.47172055797539
769,112.05452164905529,96.0790020606054
770,111.17080807700597,95.23914791254654
771,111.00652987563163,95.11980577947352
772,113.62885999019008,97.36818609471791
773,109.09842412270115,93.57476370681547
774,110.79888941978447,95.04592100603573
775,118.29157160231895,101.14276488995759
776,109.45609088743933,93.8833862123546
777,114.31624611428357,98.11252031715628
778,112.28727750835489,96.438081497163
779,110.66744527043136,94.77693230636285
780,113.46283723266379,97.23231299447053
781,112.69957824562289,96.56573417444343
782,109.07492238417576,93.51256594441493
783,115.03281137311001,98.71088085746484
784,112.61468314351458,96.41042498738338
785,115.77700761732225,99.38834608754279
786,114.37311787671904,98.12932738930809
787,113.65822235852761,97.45518797218138
788,112.85164268216008,96.80709726131485
789,118.83512238722552,101.77550024036864
790,117.35246435290128,100.43628841995185
791,111.69657182799575,95.73023795553172
792,110.05791927707361,94.33608286737194
793,112.31322065378473,96.26181618807794
794,112.55056605020565,96.60118958321779
795,113.53423977733314,97.27575662662979
796,112.88546581276242,96.7570216719313
797,112.31553529575972,96.25152102528008
798,116.32919832938919,99.58431307017064
799,112.9290137949969,96.8063078231436
800,107.65277891122729,92.20808062377239
801,111.49442796129523,95.57501452098691
802,112.28540879166574,96.27095807241919
803,113.23672969218273,97.09666186417266
804,112.65623717857989,96.58090424634855
805,111.15213988951868,95.38940845302358
806,113.21321102474319,97.12225041858451
807,111.3516031978999,95.44713048561493
808,111.7760173448391,95.94474963235882
809,112.98128351472963,96.80439450258056
810,116.1157862579841,99.62012945369653
811,110.58202760434867,94.90462198984255
812,110.17872126922347,94.40578066926174
813,119.47094679771206,102.12935165050779
814,112.12535827159542,96.16174144692775
815,112.54607916505323,96.48272966486255
816,112.73583225744177,96.66326748163073
817,112.71952781227782,96.52303508575872
818,114.47901647507365,98.1142381268679
819,111.97566179081485,95.9255813395708
820,113.07130425356092,97.0348626511655
821,110.1944684619073,94.36817400984887
822,110.86234785954915,95.03604226627309
823,111.65368966836142,95.77353735099459
824,112.89773371307516,96.7583286943549
825,112.8774395044711,96.76636720345635
826,112.25613026717758,96.28234664905877
827,119.4285280209596,102.2289327440221
828,118.3938559281981,101.29076623806483
829,112.8816043306715,96.83338209192452
830,114.95139897237468,98.66036110721008
831,113.94391477941485,97.74481478237198
832,113.97444089185402,97.70793444113207
833,111.40738577570205,95.57403948353732
834,111.07298137908849,95.0912770244909
835,109.44838902796545,93.77491647246939
836,112.89954532532113,96.85179809818567
837,112.09453752987785,95.95476649849246
838,112.86598449569726,96.8175269196075
839,118.33892940609636,101.24587275985041
840,108.4538892241594,92.96252627309875
841,111.80962704623076,95.88914793778233
842,112.17192061888059,96.20146146340753
843,112.54021918066312,96.5015872432263
844,111.58441449383562,95.6217982225001
845,110.49176399669193,94.61913891180535
846,115.83653880554837,99.44180197573198
847,114.87836272726044,98.55061233848349
848,112.49697894787366,96.44160642646878
849,113.59901752576934,97.43323090400064
850,112.93822007082004,96.80980988779497
851,111.31226081635003,95.51277900734634
852,109.72935827941431,94.14076999909005
853,112.0687170394454,96.07534025639748
854,116.98445163627537,100.13178511814506
855,114.20765132365906,97.86381649843023
856,117.26028555084237,100.41299199779354
857,116.2206024468029,99.75033164142886
858,113.83809456653064,97.61028613360725
859,110.29220775063439,94.64537534180177
860,115.42697338332427,98.86031154262989
861,115.2553360818147,98.72385244721927
862,109.89164327813947,94.10901804822834
863,119.88673481880082,102.56909156889142
864,109.9747052844084,94.31999298128443
865,112.9684844884192,96.73600760455612
866,113.5405111568814,97.33348521436156
867,116.69509845992908,99.91809154478317
868,115.74806959495453,99.08579259488934
869,112.54982499955422,96.66197755618977
870,111.29996938226822,95.38463376093944
871,111.13481684564978,95.17667700464665
872,114.31822648333599,98.04677608787625
873,113.5812328316447,97.34742024225143
874,113.13638617346191,96.96664203599278
875,112.37382498025032,96.37796131680314
876,115.52050839938104,99.1380982929625
877,116.70228507856808,100.24071789575974
878,113.50021972983933,97.2698154809143
879,111.78099134078153,95.80696880121016
880,112.23110077617032,96.16658864477279
881,111.71479667179827,95.72728164018744
882,111.1096738390227,95.19603550059051
883,112.1246613101557,96.12346603963515
884,111.69782491969326,95.87826669899695
885,111.70117290096907,95.77197028744936
886,113.35700097966533,97.32667523065902
887,113.53245837411889,97.4066521891273
888,111.90280944116874,95.90089276835575
889,111.91221083318791,95.96102464020893
890,118.17200849026563,101.0972805089826
891,115.80529686484859,99.37252797571432
892,113.08372906628816,96.96252736752655
893,111.80737454364295,95.85513625922493
894,112.35392023096057,96.27187680669189
895,110.08362998340561,94.3219197305053
896,112.85218394673927,96.81280819045534
897,110.95328062526592,95.07507097520528
898,110.77929801299717,94.88139242303141
899,112.70525716593215,96.52069723150248
900,112.13539866762028,96.0675318061503
901,122.45959805659948,104.92331179405755
902,112.21049546875054,96.15295194388625
903,113.55953467948416,97.39682988461296
904,111.6640876816358,95.61680612930121
905,112.89708782017013,96.81197512692992
906,113.82709400571039,97.55719592754251
907,114.07083230000364,97.7345768464118
908,111.55583267713853,95.59691567086549
909,114.10836296984766,97.90657323254985
910,112.70482873629388,96.54592797498437
911,111.99747081191646,96.0384839869566
912,113.64483455495508,97.36287238969777
913,110.89709373324561,95.1546767004478
914,113.74049033025088,97.58026560446336
915,112.56056658635127,96.53939418515726
916,111.84240706945499,95.88271146860937
917,108.95470243982957,93.4382828633529
918,116.68247363330678,99.9290237059676
919,114.68067309791405,98.36232751771794
920,109.40191424052756,93.74273903117864
921,114.5849705682979,98.19304036021757
922,111.72659571582689,95.73443578875481
923,113.35198316172067,97.15795622803854
924,115.27270591984647,98.80715178390142
925,118.99057345331471,101.8151620464387
926,111.14455130557462,95.28933264595366
927,113.1187457664991,96.96439276918122
928,112.86391290211066,96.683319023457
929,116.91516551770742,100.01213120571839
930,119.7139057971885,102.61103123115285
931,113.42477570881127,97.1737362941194
932,120.40205626734635,103.24363155614148
933,112.9560475109897,96.83505205678289
934,114.38219872655563,98.18436565548241
935,111.88527847694536,95.79473191342069
936,110.66923607832663,94.79027727930598
937,113.79751028852725,97.37351542013035
938,110.9567065792012,95.0001655966421
939,111.20517552907964,95.33176621812922
940,114.37660039267618,97.93301821946193
941,112.0978499175061,96.1263609855512
942,114.77494572038303,98.30833514809738
943,111.95115280913049,95.950513757384
944,117.50354249749108,100.59775739458337
945,115.2838082775792,98.91380129004824
946,113.0662755472735,96.91321610266841
947,110.820830588113,94.93767783732719
948,113.79261468170637,97.52124080290969
949,110.82791820415954,94.88912680888623
950,110.54655957936973,94.66211659527374
951,112.44747766079364,96.32748306919768
952,112.07352672834787,95.98330691759672
953,112.3062669238995,96.30410247477666
954,111.64417677962263,95.72359481114083
955,111.60577332032074,95.76673222211303
956,112.80133109701208,96.71594662717737
957,114.54808632265957,98.33238308693313
958,120.88202667837561,103.70447474343655
959,114.26054970544563,97.8722776732906
960,112.49622136014759,96.37879240372116
961,110.77688342133513,94.84306189937655
962,114.0039422572253,97.69194164145664
963,116.80327489169035,100.00521675549462
964,117.81810691572502,100.87282806263289
965,109.86545110437348,94.18601490047658
966,113.20028512224961,97.00417656057469
967,112.36089965630536,96.19831897709088
968,113.30465095303073,97.01096316644428
969,111.28328274032445,95.28416541331303
970,112.38033972304223,96.34220531923684
971,110.97609122162368,95.09803322678314
972,110.54679581847958,94.66061300927458
973,113.30005932016887,97.07351927641245
974,112.62921739288127,96.5860260395716
975,113.01650432000548,96.9157595473285
976,111.84146323072804,95.88153675181175
977,112.76275428074887,96.60758987906864
978,107.88767303909847,92.56125637440427
979,112.56015817888229,96.42864905539653
980,112.220018622932,96.19459066722163
981,117.04011285745716,100.48403165255567
982,111.68827669584813,95.72945950778302
983,118.14436183101458,101.36583883232011
984,112.42035560555749,96.39666159211296
985,118.32138362456205,101.22891383479725
986,113.28624249720221,97.0418101277081
987,114.38601470674601,97.99323766480852
988,113.63235455894528,97.49793479036751
989,110.33203468745978,94.66827360523754
990,114.74764637491957,98.43072467130288
991,115.73389619881287,99.18035903169803
992,113.17167903149738,96.99181676023426
993,113.39792730614036,97.22246990380475
994,110.21678816517269,94.4450641158924
995,108.8183241455292,93.2472704331351
996,109.81065436118972,94.12577703736254
997,112.27673065524267,96.23500755030732
998,112.1422712318844,96.14668677093411
999,113.88466125981515,97.56006030514705
1000,111.98125723000439,96.0052889623579
1001,115.4577539637281,99.10623666709537
1002,111.85174910487088,95.73481321812598
1003,113.29807656677067,97.06292541334761
1004,115.49008762204443,99.11978996815165
1005,112.1910780764532,96.1489995129882
1006,111.09183076505272,95.17262419207873
1007,110.67189704866922,94.84383385273703
1008,113.67934463360564,97.40641158290587
1009,115.91656378141124,99.45923209966986
1010,112.8673567384516,96.73731890367164
1011,112.00287101945364,95.93060130004714
1012,113.38732680323488,97.10995677537397
1013,113.15913481322485,96.98445880804536
1014,109.64202552639209,94.04856636292477
1015,110.97743495762393,95.13812183239119
1016,112.70207293525945,96.57272424867713
1017,111.1591264491365,95.2082428124209
1018,110.43224790647541,94.64031168350711
1019,117.40012205686966,100.50358251016583
1020,112.54097300261287,96.43936502452247
1021,112.28902098439764,96.2094599693728
1022,109.24680659401895,93.68852728779711
1023,112.80296834002698,96.75364814990942
1024,112.26503647565599,96.21945242393942
1025,116.21494204686093,99.39648656914883
1026,111.93500237185818,96.11376172757501
1027,111.80438333389316,95.88456116802064
1028,114.26974214411649,97.77695843063522
1029,115.709666799485,99.29746693107985
1030,107.665419558719,92.26363083735204
1031,109.04070633368353,93.54255653845443
1032,112.54442351809921,96.46156827806959
1033,113.57258085655742,97.33517119479436
1034,113.08594610012923,96.98880144499903
1035,107.22284637524135,91.90482307438377
1036,112.54025509313661,96.54153378403475
1037,113.03396346595952,96.91182326477949
1038,115.59191247117525,99.17301548694743
1039,111.17562716081402,95.2509700996279
1040,111.07657302394867,95.35457450870184
1041,112.39427926001731,96.37105239530916
1042,111.91626357761385,95.9659033708834
1043,113.2520747718624,97.11031385590292
1044,115.07756958262577,98.82604089139906
1045,110.93675591418152,95.15067006387838
1046,112.84039573465071,96.66222203497281
1047,113.66749669765026,97.41897892013881
1048,112.27160538875654,96.21410110733989
1049,117.19602070816505,100.25608994872272
1050,115.74476541616366,99.12359811351513
1051,110.11168946126591,94.4146911955441
1052,112.26301167556153,96.12039520648082
1053,112.394776708439,96.25432393930265
1054,113.81281004056859,97.65131119246232
1055,112.90990237352014,96.78909255051178
1056,114.91403771201355,98.5787681098329
1057,112.61297806282127,96.69365158366212
1058,114.96299673574374,98.58023718469806
1059,116.82399469870535,99.96397975679925
1060,111.20146730626927,95.25599056263664
1061,108.3763887392228,92.9209958140342
1062,112.52527452448962,96.43157307727238
1063,110.77317125927212,94.90461515592129
1064,111.99698460927618,96.02910844716403
1065,118.18766923344486,101.41111555999478
1066,110.12931804154121,94.33074614472233
1067,108.73354973600708,93.2575596253225
1068,109.79385502899075,94.1203939368896
1069,108.91639294405579,93.39088964790525
1070,114.74953019065865,98.29416990489852
1071,113.0396368058708,96.87223091153314
1072,113.13757595850876,97.0448136686079
1073,121.4067651399998,103.85737730159916
1074,112.1792316085418,96.1737000696567
1075,109.54248576840908,93.86381588728025
1076,109.37107269618441,93.83426814763709
1077,114.87417488299475,98.64770837132949
1078,119.08809395135019,102.08723954543888
1079,116.84534553558825,100.24962916542435
1080,113.75132062795976,97.49550370798612
1081,119.5781132726878,102.50644449281435
1082,117.83976465681563,100.89655406864296
1083,112.94467336185144,96.8543914917318
1084,109.81528654880441,94.19877934238608
1085,113.4485054590152,97.21727271743522
1086,113.8934613611793,97.6128806700811
1087,110.27914291667858,94.6176432914588
1088,116.35903798027721,99.65012429755814
1089,113.49097300613533,97.25656864828323
1090,109.94211591808207,94.2614426227961
1091,111.72915439153023,95.76003634410044
1092,110.91019650174034,95.11345361384575
1093,119.90382369673878,102.73644285908746
1094,116.4168890012777,99.65849355157806
1095,112.01172277735353,96.01508637001285
1096,114.43357973732745,98.16135968498652
1097,110.7292073860326,94.99662621314793
1098,114.08972095678497,97.89406480155083
1099,116.26219056655282,99.8260316255544
1100,112.19888688966489,96.22064889008044
1101,111.66771776206686,95.59201336691534
1102,111.95655174539822,95.791810140243
1103,115.42765264540027,98.92703550882447
1104,112.44585003312957,96.42361368031159
1105,119.70873488857006,102.47389330943966
1106,111.71288502754723,95.63134775824429
1107,111.3901083533876,95.52323500545191
1108,116.07694304829646,99.55095705611802
1109,112.50496378151144,96.37534209755982
1110,112.15862853742016,96.115378997071
1111,112.19956844453023,96.14656150339155
1112,111.18368548741168,95.38467568438429
1113,115.07487509116307,98.44063300438759
1114,111.8075935955473,95.84530214093124
1115,113.00714188534062,96.78023241995409
1116,110.68456759290434,94.81645240223261
1117,112.58683933424126,96.52789352416521
1118,112.42674314578376,96.32508208566396
1119,110.70036107204356,94.83588925086957
1120,114.58625877919314,98.1718876688752
1121,112.15275097591623,96.11584566938912
1122,114.15704999650282,97.99854698127851
1123,111.87792588553356,95.82317051637699
1124,112.841968679686,96.74193723814875
1125,112.11028830619779,96.0970489864481
1126,116.00343502846712,99.28743283255709
1127,115.09943533225464,98.67336368886542
1128,111.84936216519475,96.0127239889598
1129,118.60620596744803,101.49460562710892
1130,113.5375103165163,97.35722088531719
1131,112.19331371664916,96.18820808948678
1132,116.45464859793074,99.94764944485223
1133,112.63362938007295,96.56214529583377
1134,112.53099244649312,96.35086443072403
1135,111.89018597233441,95.77659817056724
1136,116.22027014190488,99.52718501075755
1137,113.47674713986393,97.18711981267947
1138,110.09909771058939,94.24727862809624
1139,112.3476217366992,96.18980002480686
1140,116.9792803196407,100.0905669438861
1141,111.52264960738628,95.55831437014973
1142,113.1472274460663,96.97322784173417
1143,112.35414305627678,96.3330530847042
1144,110.28496358281902,94.6342250425752
1145,109.34021499051103,93.78798428139947
1146,113.99224277032448,97.71306632453675
1147,117.98665352391089,101.03395073809631
1148,118.42074451555636,101.44724066632891
1149,112.4141281145891,96.368342642594
1150,113.25479387373389,97.1661895054485
1151,109.30620392667987,93.72941129101334
1152,108.97683384339868,93.43828826520902
1153,107.48499385733358,92.12561770660281
1154,110.17334627197289,94.45762157955997
1155,109.45467933763683,93.88201578480158
1156,112.37608868232317,96.40741503372999
1157,111.48539641361764,95.46781540289888
1158,112.00818751409716,95.97801602189992
1159,113.2400327746164,97.01247201681298
1160,109.46092321847536,93.74083427139749
1161,110.97613454732274,95.03515779443144
1162,110.73077225574849,94.83424758465536
1163,112.46991405922188,96.36658500495639
1164,112.41757018067312,96.37837567102024
1165,110.11836693940315,94.49751401817265
1166,112.31693275814058,96.26293344429394
1167,113.94832223242271,97.57411446017541
1168,112.56841049576995,96.50971664766683
1169,115.81584441078674,99.32924135879601
1170,117.5777226125715,100.98938145520935
1171,112.90212915171546,96.7894704996769
1172,116.22817682614104,99.52452472697911
1173,110.5828515958402,94.73212113916335
1174,111.44222927177341,95.5990919766876
1175,111.91901611082837,95.91967852768443
1176,108.61553708315165,93.15207849921978
1177,116.51314988036532,99.75741694663499
1178,111.4084569983823,95.51833231476239
1179,111.9407717938101,96.06473110152456
1180,118.29667230455203,101.28726756624485
1181,114.27404184916607,97.98371267450753
1182,113.2113943536215,96.98256619851776
1183,118.53190761487049,101.49159760515225
1184,112.10850709190824,96.10168833907784
1185,111.04856002307812,95.14940010368791
1186,116.25324402835717,99.76669814120027
1187,111.09486617240665,95.24462827088652
1188,112.12318163927158,96.0952731824627
1189,117.17481460897855,100.31757177638002
1190,115.78604894528866,99.18530464957675
1191,113.11029483489716,96.99203206460017
1192,113.2777647984546,97.12505826374165
1193,111.45448505303679,95.54798276067018
1194,107.81008442815337,92.35859852501012
1195,111.02285637583309,95.15463367724526
1196,117.38610896672502,100.47517351706477
1197,114.97393175747884,98.57007198453753
1198,112.02109458903467,96.050279270795
1199,112.20219870248796,96.13060218328563
1200,122.13382277680597,104.64791087490161
