策略,扰动类型,样本序号,扰动后总成本_元,紧急购电量_kWh,剩余电量_kWh,成本变化率_百分比
问题2_固定价,逐时段独立,1,18178533.115853317,1073485.8902673356,4552455.039320193,5.631474572405271
问题2_固定价,逐时段独立,2,18145651.124333918,1067998.5527558723,4547685.986688912,5.440404521321662
问题2_固定价,逐时段独立,3,18085405.90750607,1052373.2411620477,4565893.715168415,5.090332760915972
问题2_固定价,逐时段独立,4,18133242.365768086,1063013.0765682408,4543657.463973769,5.368299942994659
问题2_固定价,逐时段独立,5,18085853.087111447,1049028.1089203006,4567520.398535881,5.092931223663966
问题2_固定价,逐时段独立,6,18167892.50719691,1067917.8596115075,4552963.718522444,5.569644325951351
问题2_固定价,逐时段独立,7,18161625.487413537,1068044.078691525,4557980.40110107,5.533228046558869
问题2_固定价,逐时段独立,8,18189408.418671247,1073821.0195627813,4555955.477673431,5.694668575230377
问题2_固定价,逐时段独立,9,18212273.503538195,1079175.1486133244,4561106.068504617,5.827532575605221
问题2_固定价,逐时段独立,10,18140164.136460237,1059716.5431941818,4552784.185679878,5.408520836518038
问题2_固定价,逐时段独立,11,18172390.256131552,1072555.3931113912,4548123.417322824,5.595779759937947
问题2_固定价,逐时段独立,12,18126679.045215804,1063081.470814664,4575907.922014042,5.330161924728261
问题2_固定价,逐时段独立,13,18134124.69821614,1063017.6177266084,4562614.565305899,5.373426983606633
问题2_固定价,逐时段独立,14,18147925.17417609,1064409.4695330795,4557211.978818573,5.453618526904447
问题2_固定价,逐时段独立,15,18187717.85860913,1076326.775324127,4537266.018446399,5.684845100966718
问题2_固定价,逐时段独立,16,18143554.76229125,1065204.7158358374,4541321.194026016,5.4282230206255555
问题2_固定价,逐时段独立,17,18133608.881739624,1065829.6660746452,4549594.93723326,5.370429687032918
问题2_固定价,逐时段独立,18,18166181.242550407,1071023.6285400223,4572401.99230189,5.5597005418824175
问题2_固定价,逐时段独立,19,18150837.385950673,1064290.2993229977,4571773.962862495,5.470540751709696
问题2_固定价,逐时段独立,20,18156913.193708017,1070690.478366043,4582922.415673096,5.505845939897136
问题2_固定价,逐时段独立,21,18138884.459088817,1064270.0581117403,4543415.3198538255,5.401084911580734
问题2_固定价,逐时段独立,22,18169300.777268253,1068520.2920920937,4553796.372968622,5.577827474904251
问题2_固定价,逐时段独立,23,18112410.702379964,1058261.4751320046,4553965.000630926,5.247251709484324
问题2_固定价,逐时段独立,24,18131797.83113143,1061862.5928433957,4559581.986095423,5.359906068595199
问题2_固定价,逐时段独立,25,18171350.73599094,1066410.6836860462,4555427.694713098,5.58973933607092
问题2_固定价,逐时段独立,26,18185985.486412786,1070848.0379409413,4554110.136842413,5.67477866554853
问题2_固定价,逐时段独立,27,18131234.490818467,1060528.2155388116,4555151.6798886955,5.356632621416324
问题2_固定价,逐时段独立,28,18143902.777445614,1059617.0826533746,4560257.988610958,5.430245260467181
问题2_固定价,逐时段独立,29,18156916.056706198,1065196.2360240652,4569066.680225387,5.5058625761525315
问题2_固定价,逐时段独立,30,18118470.880061947,1062133.7714806588,4584075.848174135,5.2824660747270435
问题2_固定价,逐时段独立,31,18144796.088605836,1063931.5947601807,4592222.275879042,5.435436095971058
问题2_固定价,逐时段独立,32,18167041.16765486,1068825.3090742112,4556902.556598395,5.564697378328276
问题2_固定价,逐时段独立,33,18154267.873473037,1062425.7694262816,4567945.938468396,5.490474563375369
问题2_固定价,逐时段独立,34,18111287.18199683,1055866.9423520053,4562884.6680983985,5.240723178605267
问题2_固定价,逐时段独立,35,18144669.371201195,1064943.358284365,4548156.747035232,5.434699768885642
问题2_固定价,逐时段独立,36,18172923.68531166,1068066.0744313058,4568462.6220217,5.598879400074797
问题2_固定价,逐时段独立,37,18147216.024945907,1064085.9710076859,4568400.3858002275,5.449497816041871
问题2_固定价,逐时段独立,38,18144614.046019014,1064575.8620255427,4563764.793585685,5.434378286369013
问题2_固定价,逐时段独立,39,18160155.84653771,1065714.028789459,4579289.0376452245,5.524688285302215
问题2_固定价,逐时段独立,40,18131278.095989607,1060581.1545793696,4571419.507823348,5.356886001515648
问题2_固定价,逐时段独立,41,18157853.86789926,1065772.2008505447,4561274.857666457,5.511311991601087
问题2_固定价,逐时段独立,42,18151248.481505126,1068391.8619688575,4557590.908177194,5.472929537940696
问题2_固定价,逐时段独立,43,18162417.3754569,1068101.6370897684,4544786.867269593,5.5378295345438255
问题2_固定价,逐时段独立,44,18170997.46812416,1068321.1317667002,4547836.316235057,5.587686573867878
问题2_固定价,逐时段独立,45,18154792.742257193,1067544.753125927,4564385.334153915,5.493524460926191
问题2_固定价,逐时段独立,46,18142389.90013361,1065005.38193112,4539039.849276358,5.421454261749314
问题2_固定价,逐时段独立,47,18140998.805175394,1063375.6173438472,4556073.039554628,5.413370913617199
问题2_固定价,逐时段独立,48,18136709.462242004,1062192.839281208,4556046.029316361,5.388446481259912
问题2_固定价,逐时段独立,49,18111783.84698506,1055166.7229515654,4564735.539928398,5.243609190075005
问题2_固定价,逐时段独立,50,18182352.89824598,1072398.0257172822,4550015.1461603055,5.653670491300988
问题2_固定价,逐时段独立,51,18166479.63575167,1069893.5390819418,4558422.2703091,5.561434439422497
问题2_固定价,逐时段独立,52,18189925.946241215,1075888.6044492703,4548150.869375004,5.697675814593373
问题2_固定价,逐时段独立,53,18162634.10385537,1070748.047898442,4560737.741905097,5.539088895800659
问题2_固定价,逐时段独立,54,18122155.207247697,1060138.5981524864,4572224.7482141135,5.303874893082061
问题2_固定价,逐时段独立,55,18133976.602054413,1061403.091647789,4562685.248521853,5.372566429246062
问题2_固定价,逐时段独立,56,18137396.78837634,1060035.5946742902,4545873.837112637,5.392440382892083
问题2_固定价,逐时段独立,57,18186425.601622593,1070113.7703759747,4558937.178882241,5.677336078641071
问题2_固定价,逐时段独立,58,18165095.430878274,1067879.2819750044,4576817.049452409,5.553391128064256
问题2_固定价,逐时段独立,59,18147531.020504102,1065459.4435719294,4562134.399514506,5.451328186241922
问题2_固定价,逐时段独立,60,18157755.57107912,1067205.325061744,4568783.96844553,5.5107408103076905
问题2_固定价,逐时段独立,61,18122536.202627182,1061940.4482536672,4561190.178051647,5.306088773788709
问题2_固定价,逐时段独立,62,18161632.38078062,1069100.7900952478,4557039.74366929,5.533268102405242
问题2_固定价,逐时段独立,63,18122772.356656685,1060699.9379522472,4581435.023632965,5.307461013132975
问题2_固定价,逐时段独立,64,18157112.837795623,1067225.0047652307,4558919.035643157,5.507006027965233
问题2_固定价,逐时段独立,65,18184892.96357364,1073830.8568312724,4554723.825924426,5.668430254608681
问题2_固定价,逐时段独立,66,18109775.39312192,1060223.6579700122,4554825.486103927,5.231938504556988
问题2_固定价,逐时段独立,67,18130768.298525833,1056704.4340271796,4554943.2091534315,5.35392368010672
问题2_固定价,逐时段独立,68,18147161.63766086,1066926.6407395527,4552621.615385957,5.449181783440071
问题2_固定价,逐时段独立,69,18118756.123693306,1058534.3417801585,4566596.203409297,5.284123562996368
问题2_固定价,逐时段独立,70,18177815.16636014,1070719.1417755545,4573738.956156263,5.627302725141825
问题2_固定价,逐时段独立,71,18112986.78431578,1057892.910286007,4543535.131166602,5.250599195442995
问题2_固定价,逐时段独立,72,18178999.054407176,1072536.9293169323,4568282.868941687,5.634182039294422
问题2_固定价,逐时段独立,73,18132978.413234673,1059504.8087145083,4578144.69063078,5.366766172632453
问题2_固定价,逐时段独立,74,18152472.29691711,1067359.348008697,4541846.706515329,5.480040861266322
问题2_固定价,逐时段独立,75,18168223.415264003,1066915.6222986148,4563798.7036184,5.571567160255531
问题2_固定价,逐时段独立,76,18147619.45161963,1064893.4312840903,4569884.713091395,5.451842040086552
问题2_固定价,逐时段独立,77,18129157.483912144,1059780.872415436,4555920.972179679,5.344563589178475
问题2_固定价,逐时段独立,78,18158685.751381844,1065962.1071935147,4561618.764512383,5.516145884323764
问题2_固定价,逐时段独立,79,18179388.349095836,1070839.829954305,4551040.348510345,5.6364441454689995
问题2_固定价,逐时段独立,80,18181628.424913824,1071368.8668312603,4562124.883374834,5.649460735438061
问题2_固定价,逐时段独立,81,18150784.454470593,1064445.271323645,4568254.6292963065,5.470233178471728
问题2_固定价,逐时段独立,82,18152647.53263656,1067557.9764376332,4558397.122117979,5.4810591176528645
问题2_固定价,逐时段独立,83,18155526.037365973,1063706.003156174,4582480.066158976,5.497785478200989
问题2_固定价,逐时段独立,84,18138874.191907387,1062878.3515159285,4548162.462968044,5.40102525123809
问题2_固定价,逐时段独立,85,18154360.550352037,1065544.040715814,4561299.472318788,5.491013088421659
问题2_固定价,逐时段独立,86,18143128.686371855,1066752.2788861606,4552454.6068440415,5.425747186774799
问题2_固定价,逐时段独立,87,18124303.62585225,1057964.0589651165,4568173.576008656,5.316358883058125
问题2_固定价,逐时段独立,88,18130504.345319897,1061704.6710183946,4563735.230639873,5.352389905836641
问题2_固定价,逐时段独立,89,18146542.437779006,1065957.4231934058,4553254.306719866,5.445583748540406
问题2_固定价,逐时段独立,90,18135068.681932405,1066471.0010268942,4568590.851767692,5.378912266235658
问题2_固定价,逐时段独立,91,18166466.188688528,1068964.617919803,4571786.728897342,5.561356301483689
问题2_固定价,逐时段独立,92,18171782.164680496,1068930.6811532762,4574824.90912288,5.592246273696766
问题2_固定价,逐时段独立,93,18162150.816013217,1069240.9319087358,4550474.834330476,5.536280615997002
问题2_固定价,逐时段独立,94,18127004.68362632,1064201.281013292,4571662.125360362,5.3320541382122055
问题2_固定价,逐时段独立,95,18127335.340136502,1059827.4449796136,4567231.617879355,5.33397551077428
问题2_固定价,逐时段独立,96,18173481.734607887,1069718.5974260867,4568089.774625405,5.602122102314233
问题2_固定价,逐时段独立,97,18135721.937617958,1059671.0569696608,4575725.782788391,5.382708191951879
问题2_固定价,逐时段独立,98,18218218.807161503,1080832.5802464085,4558365.362329783,5.862079432852085
问题2_固定价,逐时段独立,99,18145667.265550382,1062951.8733300692,4577856.892571962,5.44049831439537
问题2_固定价,逐时段独立,100,18156710.27881085,1068598.3496762463,4543859.857522078,5.504666845871031
问题2_固定价,一小时相关块,1,18201729.290316388,1072075.7234786274,4537521.967664667,5.766262461909744
问题2_固定价,一小时相关块,2,18062102.393702254,1050423.1709536354,4545759.152019364,4.954921146011304
问题2_固定价,一小时相关块,3,18170885.297835525,1067917.9463169314,4529442.711495452,5.587034776887556
问题2_固定价,一小时相关块,4,18037974.650855374,1044615.397156242,4541361.049919881,4.81472011665558
问题2_固定价,一小时相关块,5,18137682.91047629,1061822.8990473575,4592702.691241335,5.394102975750004
问题2_固定价,一小时相关块,6,18085513.479970463,1058535.5597254364,4605666.47237315,5.090957840946619
问题2_固定价,一小时相关块,7,18115040.491892476,1056961.6763601215,4555901.9613095615,5.262532840379275
问题2_固定价,一小时相关块,8,18135341.354006354,1061722.7222579436,4566061.958391036,5.380496703938209
问题2_固定价,一小时相关块,9,18190045.831572153,1080856.8799686336,4573376.473938932,5.698372441994826
问题2_固定价,一小时相关块,10,18193902.516300485,1070556.5940601295,4568566.202565196,5.720782792280965
问题2_固定价,一小时相关块,11,18135742.4381721,1056891.9992111586,4558222.337380536,5.3828273161820706
问题2_固定价,一小时相关块,12,18090780.745924946,1052536.8796707815,4605013.467315687,5.121564769800058
问题2_固定价,一小时相关块,13,18164848.74980265,1061763.6874514248,4547876.323217224,5.551957718360545
问题2_固定价,一小时相关块,14,18174510.943517998,1076588.6019511705,4569441.332873357,5.608102609879118
问题2_固定价,一小时相关块,15,18196529.613548357,1081433.7325292544,4538003.20448865,5.7360482790157485
问题2_固定价,一小时相关块,16,18080922.066105906,1047789.8309342272,4580453.564737597,5.064278140566247
问题2_固定价,一小时相关块,17,18099625.350800164,1046015.3017995715,4589349.266078701,5.172958831632535
问题2_固定价,一小时相关块,18,18144698.529519714,1057500.5831284674,4549666.117075893,5.434869201488479
问题2_固定价,一小时相关块,19,18109491.466592114,1061529.950037433,4558351.660483165,5.23028866967632
问题2_固定价,一小时相关块,20,18115420.77192574,1060630.4325889358,4567700.228335841,5.26474256436571
问题2_固定价,一小时相关块,21,18204636.186666753,1075795.5667469683,4529060.1147139035,5.783153799949026
问题2_固定价,一小时相关块,22,18080727.341206636,1049110.6708466785,4542042.1792913545,5.0631466368241895
问题2_固定价,一小时相关块,23,18096820.038268715,1040071.2430334818,4552724.175525086,5.156657774916629
问题2_固定价,一小时相关块,24,18163146.595134,1070114.2133095558,4538783.41355164,5.5420668703777265
问题2_固定价,一小时相关块,25,18164731.749922886,1075080.1073666192,4593715.55263317,5.551277857683923
问题2_固定价,一小时相关块,26,18194697.85511057,1075484.5040438748,4542852.170366401,5.725404331915573
问题2_固定价,一小时相关块,27,18226632.022847738,1073568.5190260261,4574253.274059478,5.91096678658789
问题2_固定价,一小时相关块,28,18034286.87790422,1041988.8165109428,4558776.887226078,4.793291275712486
问题2_固定价,一小时相关块,29,18190880.798392426,1079950.6953399004,4540630.99626427,5.703224251317529
问题2_固定价,一小时相关块,30,18099190.78148974,1056188.8031669927,4515575.25795206,5.170433644546679
问题2_固定价,一小时相关块,31,18161506.493535765,1068454.8580511226,4587942.677449196,5.532536599196547
问题2_固定价,一小时相关块,32,18092268.688545972,1059757.8539999286,4585063.337162496,5.130210878489727
问题2_固定价,一小时相关块,33,18233421.19497499,1086816.5327126603,4538389.066063954,5.950417178891643
问题2_固定价,一小时相关块,34,18178079.532390896,1078730.568167604,4576914.972329294,5.6288388982465465
问题2_固定价,一小时相关块,35,18130332.1236027,1057640.993521632,4540902.746837917,5.351389163157072
问题2_固定价,一小时相关块,36,18193090.510171812,1075184.2013032916,4600434.738486158,5.716064402508425
问题2_固定价,一小时相关块,37,18172208.997030158,1067271.0669764173,4582499.381504897,5.594726502998126
问题2_固定价,一小时相关块,38,18248438.80234887,1079617.9326021175,4505467.437809523,6.037681206266288
问题2_固定价,一小时相关块,39,18201155.166436356,1072952.3685409105,4552585.722445106,5.76292635378437
问题2_固定价,一小时相关块,40,18238495.670879874,1082362.6280664755,4531712.905462867,5.9799038469907195
问题2_固定价,一小时相关块,41,18122103.464199584,1058844.0835163952,4545873.2606936265,5.303574225561958
问题2_固定价,一小时相关块,42,17991256.08857186,1032963.5698263631,4598224.4551463835,4.543248783272458
问题2_固定价,一小时相关块,43,18149625.88605298,1073832.8820703002,4580924.77349837,5.4635009911403465
问题2_固定价,一小时相关块,44,18013044.039103407,1034625.5479137974,4579133.590435137,4.66985379193241
问题2_固定价,一小时相关块,45,18044634.600264084,1053592.2312527916,4517971.603236912,4.853419624043553
问题2_固定价,一小时相关块,46,18124931.583360262,1055571.0221145242,4533678.436046819,5.320007806605331
问题2_固定价,一小时相关块,47,18074361.786678307,1050789.7804427214,4587486.077934999,5.026157793609332
问题2_固定价,一小时相关块,48,18222991.493137706,1076829.923935839,4573795.159678773,5.889812465771982
问题2_固定价,一小时相关块,49,18084741.59972733,1055445.1761457825,4558871.464737319,5.086472613906778
问题2_固定价,一小时相关块,50,18120683.579378314,1062167.8188537257,4552428.148458371,5.295323585841039
问题2_固定价,一小时相关块,51,18126490.086316854,1062449.34367223,4569063.715777259,5.329063925951205
问题2_固定价,一小时相关块,52,18054812.637578756,1041459.3949934599,4543391.6443339065,4.912561969740548
问题2_固定价,一小时相关块,53,18175682.348036148,1076644.2374580419,4557309.070351794,5.614909384979416
问题2_固定价,一小时相关块,54,18134741.17952991,1070507.5112511949,4577075.107196577,5.377009221502549
问题2_固定价,一小时相关块,55,18185358.800243728,1076248.750742138,4543001.577279947,5.671137129473536
问题2_固定价,一小时相关块,56,18143002.984332178,1067435.9085842604,4591483.899280345,5.425016759752821
问题2_固定价,一小时相关块,57,18130526.3420112,1059230.024210474,4563300.693372427,5.352517723792194
问题2_固定价,一小时相关块,58,18190151.18179589,1068586.4496273734,4580219.62908422,5.698984609071722
问题2_固定价,一小时相关块,59,18214612.920927733,1077360.263766756,4528325.278897177,5.841126417689302
问题2_固定价,一小时相关块,60,18135301.106985766,1057342.6546124902,4530706.833554102,5.380262837316252
问题2_固定价,一小时相关块,61,18126238.819505922,1058413.7440457481,4551303.868169607,5.327603869543984
问题2_固定价,一小时相关块,62,18022300.63016612,1038521.2196072327,4571864.199184202,4.723641815269408
问题2_固定价,一小时相关块,63,18024254.306683514,1041711.5857427716,4580046.10363926,4.734994201628351
问题2_固定价,一小时相关块,64,18118747.8368435,1065447.1212391593,4560818.835420231,5.28407540992708
问题2_固定价,一小时相关块,65,18146054.098054446,1067040.375767967,4545173.531855453,5.442746113354513
问题2_固定价,一小时相关块,66,18085201.306604873,1058307.1879742953,4546246.162623421,5.089143869889701
问题2_固定价,一小时相关块,67,18157256.061995793,1065351.4147168554,4543534.849118978,5.507838272424248
问题2_固定价,一小时相关块,68,18204841.780180667,1078917.074232649,4510663.665270015,5.784348458830402
问题2_固定价,一小时相关块,69,18170283.57395447,1086503.7785481722,4595488.994391905,5.58353829120104
问题2_固定价,一小时相关块,70,18149646.85016934,1069168.4078338125,4557395.560557254,5.463622809029056
问题2_固定价,一小时相关块,71,18195269.8914752,1070213.07272362,4556586.037304766,5.7287283099461295
问题2_固定价,一小时相关块,72,18142916.586591356,1061474.5108028345,4551353.27734116,5.424514721403262
问题2_固定价,一小时相关块,73,18133883.27819193,1057570.280623309,4525884.3995397985,5.372024144720466
问题2_固定价,一小时相关块,74,18124877.308469657,1062332.1199777052,4529299.678959856,5.319692427103018
问题2_固定价,一小时相关块,75,18116274.35289392,1061745.0938441383,4570787.274368968,5.269702536425114
问题2_固定价,一小时相关块,76,18186281.328503232,1076827.7194437939,4576051.591169649,5.676497739142383
问题2_固定价,一小时相关块,77,18155092.034062613,1065391.8085895423,4518053.848115088,5.495263580058207
问题2_固定价,一小时相关块,78,18262410.48219895,1084183.5334599544,4570903.602429308,6.118867577873477
问题2_固定价,一小时相关块,79,18240070.182323147,1081979.8086326143,4544105.922557402,5.989052988146604
问题2_固定价,一小时相关块,80,18140219.65585054,1062153.787048026,4520073.502500682,5.4088434475355385
问题2_固定价,一小时相关块,81,18102207.305143513,1059609.3763526105,4563823.319480804,5.187962002836066
问题2_固定价,一小时相关块,82,18166459.599850368,1072583.319244116,4571606.04043786,5.561318015188199
问题2_固定价,一小时相关块,83,18112604.055577844,1062386.6685944374,4572544.545526762,5.248375242570025
问题2_固定价,一小时相关块,84,18140937.95758419,1068020.6035444445,4556192.12005661,5.413017341591231
问题2_固定价,一小时相关块,85,18174366.177491713,1066827.1098977062,4536011.316041858,5.607261406206265
问题2_固定价,一小时相关块,86,18099477.07919908,1054794.4991578597,4534505.944998397,5.1720972578322755
问题2_固定价,一小时相关块,87,18125792.370284393,1058343.1246477722,4589683.971903556,5.325009650896573
问题2_固定价,一小时相关块,88,18290464.744960904,1112091.149157107,4518112.322175801,6.281884754490585
问题2_固定价,一小时相关块,89,18122061.164628364,1055733.145511807,4554037.553229129,5.303328432017818
问题2_固定价,一小时相关块,90,18124380.197035227,1057393.2995295993,4611921.530729154,5.316803821432203
问题2_固定价,一小时相关块,91,18216739.017872445,1084921.580466908,4579152.196053252,5.853480701388802
问题2_固定价,一小时相关块,92,18181834.911288343,1070442.3021489913,4597897.738930051,5.6506605825368705
问题2_固定价,一小时相关块,93,18123948.51873837,1063417.8847598415,4599827.864287668,5.314295433393013
问题2_固定价,一小时相关块,94,18184833.367734388,1075165.6003970443,4563666.508111208,5.668083956239145
问题2_固定价,一小时相关块,95,18147559.52576754,1064500.5040058037,4578374.908850678,5.451493824084674
问题2_固定价,一小时相关块,96,18129045.885475535,1061139.836230427,4543542.65147814,5.3439151151050135
问题2_固定价,一小时相关块,97,18241639.925662912,1088337.1308583287,4557806.759172105,5.998174422897318
问题2_固定价,一小时相关块,98,18168546.569219887,1068392.666481961,4570955.866933712,5.573444937117755
问题2_固定价,一小时相关块,99,18130163.705511227,1054779.074864591,4545321.68278692,5.350410522513549
问题2_固定价,一小时相关块,100,18174607.968513425,1075929.2554206355,4539690.121819953,5.608666400877671
问题3_固定价,逐时段独立,1,18044881.57591156,1352808.329878154,2427555.3326796656,11.957229829254334
问题3_固定价,逐时段独立,2,18186946.931502998,1385480.9926800192,2416809.4672488393,12.838656709215556
问题3_固定价,逐时段独立,3,18073778.314967208,1356130.1924301623,2436614.907282616,12.136516062979918
问题3_固定价,逐时段独立,4,18057449.36439937,1353103.3190926258,2421020.60073292,12.035205114282178
问题3_固定价,逐时段独立,5,18219355.010319524,1385000.8551459555,2406790.098398873,13.039728615014589
问题3_固定价,逐时段独立,6,18082841.880077265,1362357.6344259733,2426990.131463249,12.192749828650818
问题3_固定价,逐时段独立,7,18104252.034999367,1368308.26994116,2416980.423216764,12.325586479598627
问题3_固定价,逐时段独立,8,18131966.983620588,1368475.0098253882,2424161.745740466,12.497540441138288
问题3_固定价,逐时段独立,9,18100789.318023775,1362299.7862819922,2437798.679796825,12.304102481566325
问题3_固定价,逐时段独立,10,18101198.749828674,1370854.8508173728,2420160.064137174,12.30664275042248
问题3_固定价,逐时段独立,11,18176250.412745796,1380183.259833706,2402783.101054909,12.77229148515826
问题3_固定价,逐时段独立,12,18085305.063974686,1359750.0541629563,2430548.9586379295,12.208032347660724
问题3_固定价,逐时段独立,13,18152098.67626235,1374419.0145225823,2424830.886163774,12.622445031421336
问题3_固定价,逐时段独立,14,18096978.62348944,1361142.2684742939,2439412.7812018096,12.280459499926621
问题3_固定价,逐时段独立,15,18097464.23276378,1365305.8391684494,2447371.2593554147,12.283472402444474
问题3_固定价,逐时段独立,16,18144888.68715789,1374542.3738217847,2412656.9100567303,12.577711548198511
问题3_固定价,逐时段独立,17,18109699.725233458,1361921.801764922,2418120.8483978845,12.359385998038853
问题3_固定价,逐时段独立,18,18112071.620670587,1364949.5911660385,2435836.2659248402,12.37410212911838
问题3_固定价,逐时段独立,19,18058873.598021597,1351883.3378862059,2419119.8597816755,12.04404159515924
问题3_固定价,逐时段独立,20,18142938.82799462,1374385.0741806854,2418225.988020635,12.56561388883959
问题3_固定价,逐时段独立,21,18078275.29448975,1359034.7286544917,2426230.2794901244,12.164417014716534
问题3_固定价,逐时段独立,22,18099734.67913375,1362757.7748832637,2433728.2502410733,12.29755910536845
问题3_固定价,逐时段独立,23,18147816.51494983,1372461.1653811121,2422919.144447397,12.595876892627246
问题3_固定价,逐时段独立,24,18085796.31585178,1363349.9797492921,2430530.1506881164,12.21108025900759
问题3_固定价,逐时段独立,25,18036013.596539,1350646.9121472999,2433781.4316735687,11.90220955103538
问题3_固定价,逐时段独立,26,18114395.775698975,1372468.8641899782,2417963.3745777225,12.388522060752582
问题3_固定价,逐时段独立,27,18080814.187549047,1360518.4003238687,2421625.1855079997,12.180169261831942
问题3_固定价,逐时段独立,28,18130411.480047513,1375308.00699182,2415635.391210895,12.487889512131156
问题3_固定价,逐时段独立,29,18113506.65612009,1364340.9102936052,2429859.1946001444,12.383005628593136
问题3_固定价,逐时段独立,30,18056775.512898356,1350224.3912730115,2425709.9011086547,12.031024286214542
问题3_固定价,逐时段独立,31,18174587.688908387,1380225.8576760306,2425770.393347833,12.76197532131842
问题3_固定价,逐时段独立,32,18104270.06816297,1361712.9768642911,2420884.0780500527,12.325698364125737
问题3_固定价,逐时段独立,33,18066562.0091101,1354183.038694473,2432775.281053931,12.091743388248656
问题3_固定价,逐时段独立,34,18107372.2297405,1367197.1969095021,2427739.6163121853,12.344945340906488
问题3_固定价,逐时段独立,35,18137101.707506984,1370708.5851949304,2432830.5618337234,12.529398198688014
问题3_固定价,逐时段独立,36,18071728.273214996,1355455.3821358243,2417349.878610649,12.123796833172484
问题3_固定价,逐时段独立,37,18070036.800398108,1357359.355788249,2431906.9459604155,12.113302299854901
问题3_固定价,逐时段独立,38,18006831.32227187,1341055.0201431266,2438018.4366951874,11.721151749501967
问题3_固定价,逐时段独立,39,18121917.940426074,1366125.8839484851,2440167.8150615515,12.435192398910377
问题3_固定价,逐时段独立,40,18105195.84485925,1365186.8109529228,2423856.1776496735,12.331442230823896
问题3_固定价,逐时段独立,41,18175798.38772432,1377478.105963692,2431187.8865169208,12.769486951972219
问题3_固定价,逐时段独立,42,18066115.338906307,1357547.6843225348,2419971.146927405,12.088972078364812
问题3_固定价,逐时段独立,43,18063651.108651977,1355861.3209298307,2424074.430476016,12.07368306736325
问题3_固定价,逐时段独立,44,18131642.139845178,1372067.7283823611,2424309.4487423534,12.495524988220552
问题3_固定价,逐时段独立,45,18122152.285260905,1370749.3398975874,2432826.89134699,12.43664636237487
问题3_固定价,逐时段独立,46,18103109.28653509,1369650.3227534026,2425317.310994124,12.318496438474558
问题3_固定价,逐时段独立,47,18077611.089188945,1360751.6803398598,2433895.3505677627,12.160296035301776
问题3_固定价,逐时段独立,48,18114276.84409217,1373664.362639618,2402417.600061201,12.38778416434796
问题3_固定价,逐时段独立,49,18104011.740447193,1364910.17736556,2438034.3977033794,12.324095601850749
问题3_固定价,逐时段独立,50,18127331.79747489,1373384.72084752,2428971.962399027,12.46878200354853
问题3_固定价,逐时段独立,51,18134493.05313255,1369484.6148013738,2410631.13794345,12.513213126144574
问题3_固定价,逐时段独立,52,18071532.756189257,1352236.391540532,2424402.1642272337,12.122583772034123
问题3_固定价,逐时段独立,53,18078240.778260928,1361183.6987090388,2434752.1567247217,12.164202863055484
问题3_固定价,逐时段独立,54,18061785.725405656,1356592.2813082319,2438345.2513113697,12.062109528354448
问题3_固定价,逐时段独立,55,18110902.41556789,1364823.3797537144,2428649.1207910674,12.366847941062353
问题3_固定价,逐时段独立,56,18063412.87040225,1354263.2478800577,2432263.5631800853,12.072204947688903
问题3_固定价,逐时段独立,57,18052359.291180294,1355274.1301050794,2443985.219960044,12.003624386260302
问题3_固定价,逐时段独立,58,18058492.782799624,1358308.2934632003,2419396.4402563595,12.041678874342821
问题3_固定价,逐时段独立,59,18182777.533158734,1378365.327556528,2424913.9688098077,12.812788194273272
问题3_固定价,逐时段独立,60,18089028.335131485,1360195.1177206882,2430761.7992059356,12.23113292179665
问题3_固定价,逐时段独立,61,18085428.534482468,1360696.9448170643,2421118.0807831725,12.208798405113575
问题3_固定价,逐时段独立,62,18076924.8653099,1356985.5138743562,2424934.378917864,12.156038444349072
问题3_固定价,逐时段独立,63,18155239.88651625,1376149.2820064188,2401368.1626367476,12.641934280871858
问题3_固定价,逐时段独立,64,18026333.95154638,1348325.7006222627,2430237.330332676,11.842153394138721
问题3_固定价,逐时段独立,65,18103268.351170577,1366194.344767768,2425808.077731236,12.319483335278392
问题3_固定价,逐时段独立,66,18150445.354359657,1370176.8767750724,2418862.0015596664,12.612187200719438
问题3_固定价,逐时段独立,67,18052692.36131474,1347430.6871637213,2417407.9534425046,12.005690878602437
问题3_固定价,逐时段独立,68,18059583.3408172,1356893.0385083496,2435235.867290357,12.048445106312933
问题3_固定价,逐时段独立,69,18051329.26302766,1353120.4990349002,2430979.297020495,11.997233704330368
问题3_固定价,逐时段独立,70,18073706.737847663,1361587.248922849,2416624.011442625,12.136071971618634
问题3_固定价,逐时段独立,71,18138927.534205146,1377256.732686914,2406920.9764561197,12.540726313999517
问题3_固定价,逐时段独立,72,18138556.42054141,1367274.1570340227,2437632.3385182354,12.538423785298015
问题3_固定价,逐时段独立,73,18164096.089233242,1378137.251854221,2423545.2600927236,12.696881492291867
问题3_固定价,逐时段独立,74,18089630.12407156,1365891.3221581301,2433214.4738682555,12.234866646642084
问题3_固定价,逐时段独立,75,18096844.909258924,1364228.1964514675,2438639.0132097076,12.2796298865665
问题3_固定价,逐时段独立,76,18078239.78928653,1361150.4200182972,2426786.4327730713,12.164196727086507
问题3_固定价,逐时段独立,77,18144162.497976515,1374596.8486009135,2432939.4666170925,12.573205997483928
问题3_固定价,逐时段独立,78,18084393.162016954,1360323.6534745174,2428862.9206060125,12.202374565057173
问题3_固定价,逐时段独立,79,18112768.804678053,1365600.6925363704,2423912.9698437685,12.378427720828622
问题3_固定价,逐时段独立,80,18087983.636409707,1366062.6416622065,2417433.0337671274,12.224651218139893
问题3_固定价,逐时段独立,81,18142493.343801238,1376910.0420330795,2429699.1348326043,12.56284993741028
问题3_固定价,逐时段独立,82,18059996.75488376,1356919.7898162096,2434642.7743254635,12.051010082617708
问题3_固定价,逐时段独立,83,18122751.97246465,1371440.2141859375,2427698.967692486,12.440367047257904
问题3_固定价,逐时段独立,84,18144714.810007468,1374396.5228634092,2427015.7009088174,12.576632748982775
问题3_固定价,逐时段独立,85,18119296.720037397,1365385.4184395194,2409824.8810297395,12.418929362090015
问题3_固定价,逐时段独立,86,18020222.66784636,1348949.2891390177,2432443.9254534706,11.804236692337366
问题3_固定价,逐时段独立,87,18082518.729753003,1362242.667009363,2436173.1570134275,12.190744882540727
问题3_固定价,逐时段独立,88,18118069.054997176,1365768.3353280965,2421880.3802702236,12.411312466601787
问题3_固定价,逐时段独立,89,18105242.207057983,1360101.6684464633,2421560.760856012,12.331729879336129
问题3_固定价,逐时段独立,90,18073409.11457026,1358273.9223793729,2421782.3683002125,12.13422540490492
问题3_固定价,逐时段独立,91,18083631.64697602,1361118.5826279675,2435394.1786683225,12.197649839428038
问题3_固定价,逐时段独立,92,18120966.665488385,1371446.324947658,2407314.361841159,12.42929033153568
问题3_固定价,逐时段独立,93,18113632.516836856,1370657.9335698509,2424669.3632913604,12.383786515801166
问题3_固定价,逐时段独立,94,18071740.450858586,1357174.1730608544,2433830.84067266,12.123872387851865
问题3_固定价,逐时段独立,95,18170760.693297483,1384859.5370684462,2424362.9666452664,12.738231201670814
问题3_固定价,逐时段独立,96,18163456.537993968,1381209.0573741507,2420669.0330824675,12.692913475944302
问题3_固定价,逐时段独立,97,18076430.803752445,1357044.5116024604,2433936.18127109,12.152973100688857
问题3_固定价,逐时段独立,98,18102866.11756799,1368533.3208924346,2420712.8091287846,12.316987726775764
问题3_固定价,逐时段独立,99,18097440.339525588,1364605.4418082386,2435496.990667199,12.283324159811349
问题3_固定价,逐时段独立,100,18077584.440250203,1362166.089712997,2428459.5829887623,12.160130695266336
问题3_固定价,一小时相关块,1,18043524.93586661,1351141.3020781258,2456177.6688703755,11.948812724344604
问题3_固定价,一小时相关块,2,18026765.446544893,1348576.4178375988,2418825.070230176,11.84483055134342
问题3_固定价,一小时相关块,3,18120238.1468815,1365887.025215026,2454492.085048209,12.424770328189405
问题3_固定价,一小时相关块,4,18121151.137986846,1367222.259507095,2412916.088033124,12.430434868274286
问题3_固定价,一小时相关块,5,18076411.437666453,1363513.2678207746,2372599.1219832697,12.152852946210091
问题3_固定价,一小时相关块,6,17976127.087938044,1343812.2378833126,2410125.38286318,11.530651135486725
问题3_固定价,一小时相关块,7,18003758.35529308,1335914.4224602517,2447104.1786976513,11.702085906988424
问题3_固定价,一小时相关块,8,18112235.66270992,1371695.7421639352,2424967.5271057896,12.37511990760709
问题3_固定价,一小时相关块,9,18136643.02810508,1372003.493589947,2442567.7362391986,12.526552379223865
问题3_固定价,一小时相关块,10,18166320.847865175,1378516.5503532304,2415994.06472311,12.710684731311318
问题3_固定价,一小时相关块,11,18095852.38478584,1369477.5599530872,2418440.697750684,12.273471891565158
问题3_固定价,一小时相关块,12,18242715.54179903,1398346.2594659347,2401031.6159544173,13.184666135429035
问题3_固定价,一小时相关块,13,18099410.63651356,1368867.67891577,2442869.9987747897,12.295548623118924
问题3_固定价,一小时相关块,14,18111910.515568353,1368392.2252041288,2452286.2966891266,12.373102572491668
问题3_固定价,一小时相关块,15,18015277.227098018,1346160.290118763,2444860.306420126,11.773553318542973
问题3_固定价,一小时相关块,16,18023475.934726946,1357958.5747844388,2426550.5411392674,11.824421183230992
问题3_固定价,一小时相关块,17,18205380.43645642,1396599.48540939,2415272.039600434,12.953025104593884
问题3_固定价,一小时相关块,18,18094226.539904527,1368272.1209574705,2443993.6368070785,12.263384538634735
问题3_固定价,一小时相关块,19,18020077.548011437,1341170.2936073523,2421739.5573479296,11.803336314319202
问题3_固定价,一小时相关块,20,18154292.57959086,1374143.9347599011,2439122.4709420335,12.636056832537346
问题3_固定价,一小时相关块,21,18206316.82511819,1388415.1066203942,2424935.78988737,12.958834811915843
问题3_固定价,一小时相关块,22,18092002.512401674,1360276.5774313393,2454927.9551767944,12.24958583581499
问题3_固定价,一小时相关块,23,18104525.484352805,1365388.1609716644,2397852.412882835,12.3272830621991
问题3_固定价,一小时相关块,24,18068750.124100327,1357136.2592296842,2398998.3209297713,12.105319276337646
问题3_固定价,一小时相关块,25,18210579.45118832,1384199.8516277338,2433533.118079966,12.985281746721245
问题3_固定价,一小时相关块,26,18052130.883229665,1356501.6009895573,2398231.865157537,12.002207257457552
问题3_固定价,一小时相关块,27,18031702.488334574,1351000.4639131795,2416809.05405808,11.875461814840428
问题3_固定价,一小时相关块,28,18271526.6367835,1397993.9270210955,2415781.262264084,13.363421001136455
问题3_固定价,一小时相关块,29,18001656.204870544,1343177.1848310777,2466951.197536723,11.689043375398423
问题3_固定价,一小时相关块,30,18061865.178997763,1354999.0860713397,2411811.055787269,12.062602488312923
问题3_固定价,一小时相关块,31,18100523.77762746,1359649.0218378117,2439269.528120418,12.302454969109444
问题3_固定价,一小时相关块,32,18182843.367096573,1389785.3091746925,2411281.727332403,12.813196652775915
问题3_固定价,一小时相关块,33,18003819.18775165,1341865.978556884,2437977.7591819954,11.702463334433233
问题3_固定价,一小时相关块,34,18177857.50327104,1385778.9478917473,2409116.2385864253,12.78226247901233
问题3_固定价,一小时相关块,35,18210706.28402496,1397968.8437715655,2443919.1556809526,12.986068665326522
问题3_固定价,一小时相关块,36,18032220.489542656,1340837.7213684008,2446137.2593799,11.878675689093976
问题3_固定价,一小时相关块,37,18155920.58815673,1383964.2890803092,2411952.523546472,12.646157609780273
问题3_固定价,一小时相关块,38,17958802.35314808,1339152.041475452,2418444.4587903786,11.423161967078999
问题3_固定价,一小时相关块,39,18091797.543024387,1354194.1088037838,2393155.099882736,12.248314128733728
问题3_固定价,一小时相关块,40,18047284.495593444,1352528.1013196316,2420803.13560683,11.972138446412849
问题3_固定价,一小时相关块,41,18042015.6401672,1353443.1173784593,2426612.931361914,11.939448486358994
问题3_固定价,一小时相关块,42,18115239.852939993,1372216.5091481851,2398574.360792945,12.393759033312858
问题3_固定价,一小时相关块,43,18240065.419243187,1395620.9066660341,2410319.323540778,13.168223778696886
问题3_固定价,一小时相关块,44,18147133.344921708,1375294.6695275488,2388819.057352894,12.59163824891385
问题3_固定价,一小时相关块,45,18112737.079351135,1370029.8826511516,2387993.5125481193,12.378230884972297
问题3_固定价,一小时相关块,46,18219716.865016267,1388503.0724988414,2419143.0852746945,13.04197369760367
问题3_固定价,一小时相关块,47,18051959.656117156,1368232.8901652063,2395261.888076658,12.001144900073403
问题3_固定价,一小时相关块,48,18142305.80001866,1372613.605157438,2435552.4433948407,12.561686345270262
问题3_固定价,一小时相关块,49,18051939.90326596,1355651.714339291,2403563.927991884,12.001022345957901
问题3_固定价,一小时相关块,50,17887328.160099,1319240.075989411,2434582.0191885484,10.979709200465182
问题3_固定价,一小时相关块,51,18102795.428506568,1371715.6360352424,2396903.0824391656,12.316549145260947
问题3_固定价,一小时相关块,52,18105098.752165582,1364998.6128474134,2439476.579539064,12.330839831247363
问题3_固定价,一小时相关块,53,18158331.600236192,1380785.0391177624,2398709.4825019827,12.661116435215947
问题3_固定价,一小时相关块,54,18114699.024218928,1359544.050758971,2420511.9461876517,12.390403528586047
问题3_固定价,一小时相关块,55,18018315.248811886,1352391.5991554707,2429285.8987281052,11.792402347494214
问题3_固定价,一小时相关块,56,18087188.41548481,1354211.7418591692,2443576.3632967807,12.219717368533868
问题3_固定价,一小时相关块,57,18051554.66808418,1354557.801881252,2460954.8354262626,11.998632202049041
问题3_固定价,一小时相关块,58,18116609.62537174,1370087.3775574737,2422669.3101563994,12.402257616487788
问题3_固定价,一小时相关块,59,18156356.627023242,1374091.2056988715,2429630.367995875,12.648862958850437
问题3_固定价,一小时相关块,60,18122058.498791553,1363280.3626403776,2421935.0131854997,12.436064475857101
问题3_固定价,一小时相关块,61,17950439.247124515,1333612.8467174352,2428448.859609566,11.37127411293999
问题3_固定价,一小时相关块,62,18163709.760631207,1380306.1690381556,2424673.392885028,12.694484564392639
问题3_固定价,一小时相关块,63,18215182.912342172,1383087.9568880629,2419781.1577023584,13.013843350533616
问题3_固定价,一小时相关块,64,18164404.449429907,1378464.8748050518,2456999.007252316,12.698794674889546
问题3_固定价,一小时相关块,65,18058525.6950224,1349879.6342714904,2435678.0132239126,12.041883074147307
问题3_固定价,一小时相关块,66,18137352.198579267,1367622.5620836709,2431838.587666587,12.53095233948034
问题3_固定价,一小时相关块,67,18116595.975415297,1371482.2065545642,2446020.281119449,12.402172927025902
问题3_固定价,一小时相关块,68,18057622.016904987,1359409.0856882234,2411328.5637289807,12.036276315341077
问题3_固定价,一小时相关块,69,18018920.26650043,1339545.1074733254,2438360.188989326,11.796156104709077
问题3_固定价,一小时相关块,70,18160723.580998544,1376099.56965364,2453624.777621117,12.675957183204844
问题3_固定价,一小时相关块,71,18039236.02061434,1353636.072562945,2434534.4875431308,11.922202681568962
问题3_固定价,一小时相关块,72,18108051.95670244,1356101.5736024173,2419374.3170593283,12.349162622542798
问题3_固定价,一小时相关块,73,18090137.446402587,1362672.6714410926,2424884.3288151426,12.238014265127317
问题3_固定价,一小时相关块,74,18166155.485510617,1373351.1010159657,2394876.9010165017,12.709658761090537
问题3_固定价,一小时相关块,75,18085188.419001326,1366662.2476798382,2417913.689400222,12.207308638389701
问题3_固定价,一小时相关块,76,18141095.07998672,1370987.0787073874,2409039.8080799705,12.554174582984402
问题3_固定价,一小时相关块,77,18209716.322108176,1389012.909883882,2425624.6537065892,12.979926569387935
问题3_固定价,一小时相关块,78,18102427.403103136,1360291.7281510266,2452816.3727764986,12.314265777287513
问题3_固定价,一小时相关块,79,18066218.86014811,1363154.7501182272,2401168.0663968883,12.08961436307099
问题3_固定价,一小时相关块,80,18029454.411710314,1348431.2029489912,2423477.304003963,11.86151390222947
问题3_固定价,一小时相关块,81,18155644.88832387,1381331.8102142012,2420718.0596944652,12.644447064359298
问题3_固定价,一小时相关块,82,18081009.899132226,1350173.4343140868,2408703.1791780116,12.181383530077806
问题3_固定价,一小时相关块,83,18034285.073768936,1345278.286817168,2460566.4097561706,11.89148514587821
问题3_固定价,一小时相关块,84,18146131.46302764,1371605.9137437292,2414990.3104023514,12.58542219695451
问题3_固定价,一小时相关块,85,18135107.051591985,1371505.4935318185,2431790.4524121126,12.517022603438676
问题3_固定价,一小时相关块,86,18056763.618177183,1357084.7146717147,2445039.769018828,12.0309504868922
问题3_固定价,一小时相关块,87,18039367.086186443,1353022.401640423,2435467.1328036836,11.923015861656449
问题3_固定价,一小时相关块,88,18188961.603012387,1389343.5877621835,2408878.8916542633,12.851156488737981
问题3_固定价,一小时相关块,89,18203578.469894655,1385893.7734783744,2392901.62695576,12.941845026539545
问题3_固定价,一小时相关块,90,18188388.538877845,1387282.9790193548,2443973.499090687,12.847600983386066
问题3_固定价,一小时相关块,91,18147629.96972181,1370271.5666972073,2434085.627163434,12.594719495895145
问题3_固定价,一小时相关块,92,18135785.1292509,1374395.782684431,2423058.1328695826,12.521229652178878
问题3_固定价,一小时相关块,93,18064608.318862632,1358102.8868932994,2416745.9325024183,12.079621959402974
问题3_固定价,一小时相关块,94,18111132.196989764,1359639.7493350739,2430304.1602485413,12.368273591397095
问题3_固定价,一小时相关块,95,18101044.812039994,1365113.1897855294,2405916.3221450225,12.30568766250384
问题3_固定价,一小时相关块,96,18162795.901211865,1368651.4310636246,2430232.037826944,12.688814636961276
问题3_固定价,一小时相关块,97,18118918.352082472,1373551.5066732892,2431139.546553647,12.41658182503851
问题3_固定价,一小时相关块,98,18093534.172580414,1362498.3094610346,2401875.8896664833,12.259088831439001
问题3_固定价,一小时相关块,99,18175013.931751445,1381224.9699210632,2385794.054144785,12.764619892175965
问题3_固定价,一小时相关块,100,18036176.827140827,1348969.289071676,2436749.460830293,11.903222295060711
问题4-2_波动价,逐时段独立,1,19019333.270269696,1061057.6728267053,4554454.209354262,5.350125863144628
问题4-2_波动价,逐时段独立,2,19038274.831280053,1066630.41934436,4540285.738277566,5.455045200122899
问题4-2_波动价,逐时段独立,3,19027290.852279466,1065680.1395055512,4563336.428880474,5.394203762952299
问题4-2_波动价,逐时段独立,4,19026371.602730297,1063090.4018532247,4541833.150780573,5.389111941155589
问题4-2_波动价,逐时段独立,5,19020138.044666097,1063450.4716588566,4559705.205950937,5.35458359479839
问题4-2_波动价,逐时段独立,6,18981953.37024148,1057534.2193910328,4564384.016242397,5.143074589750118
问题4-2_波动价,逐时段独立,7,19103369.287529882,1080617.1057977576,4556563.484660166,5.815610371438984
问题4-2_波动价,逐时段独立,8,19040424.357463572,1066575.5214390596,4565427.634560486,5.466951656083374
问题4-2_波动价,逐时段独立,9,19008815.484232318,1058921.9024505692,4563015.884411552,5.291866718773286
问题4-2_波动价,逐时段独立,10,19026257.471568458,1066623.964568534,4548704.375643162,5.388479756415254
问题4-2_波动价,逐时段独立,11,19005457.073349897,1058642.837227272,4558499.999423679,5.273264120872745
问题4-2_波动价,逐时段独立,12,19063384.97359674,1066609.37097803,4573105.696887676,5.594132970231014
问题4-2_波动价,逐时段独立,13,19004120.100765787,1060271.6107487753,4559577.823578916,5.265858486405439
问题4-2_波动价,逐时段独立,14,19019485.834013566,1062619.2935110072,4546938.8559392365,5.350970930076815
问题4-2_波动价,逐时段独立,15,18989235.30328784,1055514.6092929759,4558625.300269591,5.18340999751965
问题4-2_波动价,逐时段独立,16,19036106.878219023,1067033.1644908641,4570616.526399691,5.443036675712554
问题4-2_波动价,逐时段独立,17,19013692.174222518,1060936.0366192642,4540183.906083429,5.318879227411855
问题4-2_波动价,逐时段独立,18,18973686.05273599,1055001.6007035566,4572529.0265521435,5.097281031827894
问题4-2_波动价,逐时段独立,19,19044073.483856387,1067806.6829636027,4542788.489014225,5.487164558360802
问题4-2_波动价,逐时段独立,20,19021826.422286846,1063171.9199225092,4577430.400632999,5.363935699434386
问题4-2_波动价,逐时段独立,21,19065141.328857508,1069287.5107963774,4572779.271463554,5.603861610302285
问题4-2_波动价,逐时段独立,22,19032758.51495313,1063846.4613419191,4570349.200471043,5.42448973263705
问题4-2_波动价,逐时段独立,23,19016263.74063167,1059404.2651392673,4545828.22462439,5.333123409424978
问题4-2_波动价,逐时段独立,24,19074349.770181675,1076100.987015105,4546110.016102752,5.654868153944959
问题4-2_波动价,逐时段独立,25,18975762.169612024,1053979.6092800885,4552096.570270047,5.108780865764695
问题4-2_波动价,逐时段独立,26,19029681.42130288,1064374.4954497255,4572853.743065283,5.40744538104283
问题4-2_波动价,逐时段独立,27,19027476.902055487,1065738.3532179534,4555062.125065721,5.39523431260629
问题4-2_波动价,逐时段独立,28,19047988.622714184,1062337.2499387525,4569632.768866621,5.5088509321983725
问题4-2_波动价,逐时段独立,29,18992387.7245538,1055775.7157833963,4580361.32487064,5.200871596852452
问题4-2_波动价,逐时段独立,30,19015298.83037828,1061397.7944142024,4565783.653649403,5.327778668092731
问题4-2_波动价,逐时段独立,31,19006027.66877987,1058907.5206821554,4572313.764490396,5.276424710127392
问题4-2_波动价,逐时段独立,32,19082897.808226198,1074014.7242790493,4560355.682942341,5.702216653026215
问题4-2_波动价,逐时段独立,33,19015274.45146071,1062180.3269542274,4561260.416864311,5.327643630654899
问题4-2_波动价,逐时段独立,34,19044172.96832712,1064523.1836310606,4570361.2180187,5.487715613508959
问题4-2_波动价,逐时段独立,35,19072880.077452764,1074383.0907664513,4551766.840134139,5.646727368367954
问题4-2_波动价,逐时段独立,36,19045914.517687734,1065330.4229120843,4567041.10279582,5.4973622421120805
问题4-2_波动价,逐时段独立,37,19066020.851713486,1072359.3649602912,4544791.551311194,5.6087333816867035
问题4-2_波动价,逐时段独立,38,19057243.22897345,1071478.1140496403,4558756.306928901,5.560113188365445
问题4-2_波动价,逐时段独立,39,19008901.36701245,1061604.8650324265,4561916.810121985,5.292342432699093
问题4-2_波动价,逐时段独立,40,19046417.3018553,1066667.2293828628,4577104.117088921,5.500147217514861
问题4-2_波动价,逐时段独立,41,19025236.955953136,1063492.9474758955,4571652.908511002,5.382827011022373
问题4-2_波动价,逐时段独立,42,18978234.957503382,1052622.619006941,4567429.505149342,5.122477902978639
问题4-2_波动价,逐时段独立,43,19040419.746021587,1067221.9932382475,4580094.139175772,5.466926112811876
问题4-2_波动价,逐时段独立,44,19074011.557613183,1076717.65621973,4576763.747374768,5.652994758271568
问题4-2_波动价,逐时段独立,45,19079605.170829494,1074036.1067983992,4563957.325245713,5.683978381513999
问题4-2_波动价,逐时段独立,46,18997067.58300525,1056658.0726600473,4544771.5088196155,5.226793834497467
问题4-2_波动价,逐时段独立,47,19012486.425281823,1060003.8520215785,4572036.3794209985,5.312200454772653
问题4-2_波动价,逐时段独立,48,19040299.69892762,1068562.9750196962,4563304.318529557,5.466261159089281
问题4-2_波动价,逐时段独立,49,19031515.99792904,1067228.8985740314,4564918.735839357,5.4176072976423795
问题4-2_波动价,逐时段独立,50,19014333.764843494,1060508.0477394436,4574384.7162065,5.3224330666401976
问题4-2_波动价,逐时段独立,51,19085109.315318022,1077753.138103112,4558267.222037649,5.714466427882159
问题4-2_波动价,逐时段独立,52,19042597.062410407,1067317.884667091,4569770.748742871,5.478986501698624
问题4-2_波动价,逐时段独立,53,19056728.518427864,1068003.3226556259,4547609.103844658,5.557262151476294
问题4-2_波动价,逐时段独立,54,18979705.70582554,1057687.9571228216,4553443.330897077,5.130624535599826
问题4-2_波动价,逐时段独立,55,18999174.9938648,1057365.506533698,4585816.779569347,5.238467009163705
问题4-2_波动价,逐时段独立,56,19012279.28624751,1061134.3100066562,4553066.944308462,5.311053089456208
问题4-2_波动价,逐时段独立,57,19050400.15304509,1066829.4975320012,4576423.074173098,5.522208657218153
问题4-2_波动价,逐时段独立,58,19006734.969261743,1058708.1954037976,4559341.000198101,5.280342523319348
问题4-2_波动价,逐时段独立,59,19023406.417057667,1062472.3313151833,4560969.45472022,5.3726874598459595
问题4-2_波动价,逐时段独立,60,19023501.690610085,1063548.4130904688,4560374.719137571,5.373215190266145
问题4-2_波动价,逐时段独立,61,18998929.496993866,1059005.0591011923,4571524.38682455,5.237107175678246
问题4-2_波动价,逐时段独立,62,19023233.76058668,1060777.6667108203,4560791.499621572,5.371731097144328
问题4-2_波动价,逐时段独立,63,19007414.78652665,1058039.2855472236,4562551.497949665,5.284108104026308
问题4-2_波动价,逐时段独立,64,19028897.08057471,1064350.0433346839,4571070.139213688,5.403100833667884
问题4-2_波动价,逐时段独立,65,19047726.043307345,1072644.3941876828,4561488.479278464,5.507396476715298
问题4-2_波动价,逐时段独立,66,19076985.671932343,1072100.4898632932,4574544.86868289,5.669468696311486
问题4-2_波动价,逐时段独立,67,19012272.13490837,1060993.1961924827,4567955.270452336,5.3110134774220885
问题4-2_波动价,逐时段独立,68,19055580.11197926,1070382.9587942534,4570186.929978326,5.550901005047915
问题4-2_波动价,逐时段独立,69,19019127.403549246,1059005.7866144693,4562461.010010246,5.348985545311091
问题4-2_波动价,逐时段独立,70,19001844.746798694,1058845.0852666062,4567978.584768932,5.253255056862982
问题4-2_波动价,逐时段独立,71,18969967.777585585,1053555.6107872562,4563232.996803249,5.07668510716941
问题4-2_波动价,逐时段独立,72,19009027.5067141,1060361.5139427404,4557945.7706802115,5.293041134028753
问题4-2_波动价,逐时段独立,73,19055851.28851019,1069421.5649085345,4540187.434299312,5.552403080922952
问题4-2_波动价,逐时段独立,74,19029151.28231052,1064727.692906912,4557668.6336789,5.404508884333059
问题4-2_波动价,逐时段独立,75,19006341.071815226,1060803.623469709,4569779.162989189,5.278160683137156
问题4-2_波动价,逐时段独立,76,18985491.46303298,1054087.5159723635,4560895.940005787,5.16267246500699
问题4-2_波动价,逐时段独立,77,19017926.05208087,1057999.2735838434,4557940.8316272795,5.34233113074245
问题4-2_波动价,逐时段独立,78,19035328.842501324,1066321.6875854083,4554079.37341512,5.438727052466508
问题4-2_波动价,逐时段独立,79,19070973.182794172,1071262.5729375614,4564562.513821332,5.636164874434235
问题4-2_波动价,逐时段独立,80,19050932.670966156,1070373.8587414054,4554504.418786068,5.5251583310690355
问题4-2_波动价,逐时段独立,81,19042481.795559138,1069683.4789507955,4553571.704129487,5.4783480262527995
问题4-2_波动价,逐时段独立,82,19063004.098723184,1073788.3770422833,4554736.88916221,5.592023263476453
问题4-2_波动价,逐时段独立,83,19040943.83301992,1067025.830890467,4549804.211662572,5.469829086877942
问题4-2_波动价,逐时段独立,84,19077178.15310109,1074057.6263775728,4560408.416647418,5.670534870139221
问题4-2_波动价,逐时段独立,85,18991468.826272123,1056502.4989144276,4566563.675612512,5.195781720764026
问题4-2_波动价,逐时段独立,86,19065207.598447237,1073622.0546873335,4562929.870100886,5.6042286846639255
问题4-2_波动价,逐时段独立,87,19041821.80688714,1067856.0631220043,4555119.8379202215,5.474692278247573
问题4-2_波动价,逐时段独立,88,19060595.824223958,1072399.8202363104,4561735.7351128915,5.578683572857379
问题4-2_波动价,逐时段独立,89,18990602.11505335,1060606.3225432904,4554596.764080141,5.1909809144114805
问题4-2_波动价,逐时段独立,90,19073710.89174678,1070151.890235655,4591508.900766583,5.651329337806099
问题4-2_波动价,逐时段独立,91,19060679.8401466,1068625.8356366048,4581530.649141608,5.579148946059442
问题4-2_波动价,逐时段独立,92,19049915.430213585,1068071.1270445022,4580943.307908408,5.519523725491982
问题4-2_波动价,逐时段独立,93,19070479.622511942,1072454.4196590772,4567201.523972719,5.633430991121124
问题4-2_波动价,逐时段独立,94,19017481.555545118,1063447.154825056,4559223.329049763,5.3398690167807406
问题4-2_波动价,逐时段独立,95,19004725.074472807,1058024.7612041063,4552076.554160833,5.2692095006220185
问题4-2_波动价,逐时段独立,96,19033237.04990488,1065879.228264138,4568541.041026702,5.427140389033913
问题4-2_波动价,逐时段独立,97,19016592.06448529,1061650.5845356402,4566763.625443494,5.334942030446599
问题4-2_波动价,逐时段独立,98,19026697.62335456,1065084.5854186001,4573046.0802655155,5.39091780434291
问题4-2_波动价,逐时段独立,99,19026453.030292757,1063032.0120261917,4562496.226749349,5.389562977153117
问题4-2_波动价,逐时段独立,100,19056942.289556794,1070641.6099993135,4571162.11272501,5.558446252675786
问题4-2_波动价,一小时相关块,1,19012497.044115312,1059228.720992192,4547219.17201405,5.3122592736296825
问题4-2_波动价,一小时相关块,2,19112190.226738162,1078004.384492882,4566059.569422973,5.864470499321395
问题4-2_波动价,一小时相关块,3,19117008.371235568,1088320.078704039,4554741.540302405,5.891158718199296
问题4-2_波动价,一小时相关块,4,19002721.30170969,1054860.0241215643,4586464.832286248,5.258110388481962
问题4-2_波动价,一小时相关块,5,19052382.128770195,1074585.5593729154,4559998.403167234,5.533187033227982
问题4-2_波动价,一小时相关块,6,19089486.78090456,1071232.8056459622,4547006.17691377,5.738713679031826
问题4-2_波动价,一小时相关块,7,19037261.065127715,1061657.5394032253,4587542.610609984,5.449429840729025
问题4-2_波动价,一小时相关块,8,18992083.64638155,1055461.7713400275,4544097.854214277,5.199187275259054
问题4-2_波动价,一小时相关块,9,19029262.782348078,1063204.450982667,4551938.446972153,5.405126494993939
问题4-2_波动价,一小时相关块,10,19044354.983070612,1073456.479837599,4543853.2938970905,5.488723812685192
问题4-2_波动价,一小时相关块,11,19014666.02760209,1060174.7351922868,4589426.872642047,5.324273505678745
问题4-2_波动价,一小时相关块,12,18972717.878733948,1058733.6889391327,4595176.652573824,5.091918212241997
问题4-2_波动价,一小时相关块,13,19006427.49678291,1060499.804996344,4566113.85201002,5.278639400297935
问题4-2_波动价,一小时相关块,14,18955100.195887886,1045808.6412127978,4584905.161789758,4.994331978335942
问题4-2_波动价,一小时相关块,15,18998507.9513358,1055907.8874821719,4556011.365591184,5.234772189088366
问题4-2_波动价,一小时相关块,16,19072952.21089705,1069505.3694944642,4579916.304620759,5.64712692324858
问题4-2_波动价,一小时相关块,17,19194155.308444493,1096677.469671563,4556828.366689373,6.31848387357794
问题4-2_波动价,一小时相关块,18,18968496.29066669,1054674.10034263,4549017.522655562,5.068534383381729
问题4-2_波动价,一小时相关块,19,19082329.758352872,1073455.3618514796,4594702.618032036,5.6990701638827135
问题4-2_波动价,一小时相关块,20,19062410.358078297,1068819.8293800538,4542007.23812148,5.588734470395229
问题4-2_波动价,一小时相关块,21,19083919.229694486,1068639.9618778136,4514905.779349734,5.707874416035796
问题4-2_波动价,一小时相关块,22,19225904.690743692,1103611.7560467683,4576207.119143075,6.494347105678
问题4-2_波动价,一小时相关块,23,18982595.63329376,1061978.66141544,4492903.4409515485,5.146632153647501
问题4-2_波动价,一小时相关块,24,19014090.00760719,1065892.4071147863,4566183.5336694345,5.321082869177451
问题4-2_波动价,一小时相关块,25,18906479.788787335,1033362.7591394435,4510249.192752931,4.725018331281494
问题4-2_波动价,一小时相关块,26,19023589.535487488,1075587.0098200093,4577179.199550699,5.373701772459083
问题4-2_波动价,一小时相关块,27,19078994.082931153,1077505.7781161568,4556624.829555591,5.680593500136255
问题4-2_波动价,一小时相关块,28,18873925.029454563,1036804.4472695296,4581091.818808465,4.544694029455787
问题4-2_波动价,一小时相关块,29,19018887.26233187,1063817.3557502835,4565470.986785938,5.347655377364813
问题4-2_波动价,一小时相关块,30,18974951.158350814,1042787.7777061209,4564048.694349555,5.104288587448158
问题4-2_波动价,一小时相关块,31,18993141.383337945,1059020.3677107305,4597316.148959633,5.205046193650298
问题4-2_波动价,一小时相关块,32,19026457.64272424,1053585.5170368184,4623045.214893542,5.389588525905542
问题4-2_波动价,一小时相关块,33,18936954.829156112,1040986.5543606116,4552406.896747289,4.893822846819051
问题4-2_波动价,一小时相关块,34,18898674.690764014,1043396.8085201215,4541961.280853458,4.681785056621113
问题4-2_波动价,一小时相关块,35,19031042.248429157,1070326.9158559903,4573397.506051999,5.414983148376407
问题4-2_波动价,一小时相关块,36,19085824.164578147,1071576.2053632038,4584483.644992181,5.718426054566073
问题4-2_波动价,一小时相关块,37,19056838.578660596,1071699.8085271108,4560543.126909857,5.557871786903901
问题4-2_波动价,一小时相关块,38,18999848.391566128,1058208.7107620863,4579258.965131067,5.24219703121982
问题4-2_波动价,一小时相关块,39,19060912.38871081,1065228.2087573428,4558514.121769801,5.580437057485899
问题4-2_波动价,一小时相关块,40,19099312.989869192,1081866.3307015016,4553515.771208504,5.793142103859927
问题4-2_波动价,一小时相关块,41,19085132.59118542,1077219.711263421,4541071.124372927,5.71459535540686
问题4-2_波动价,一小时相关块,42,18948276.629426327,1049357.1691548713,4559004.030139321,4.9565355122166865
问题4-2_波动价,一小时相关块,43,19003747.130824234,1053955.3776696094,4569504.872268736,5.2637925659166696
问题4-2_波动价,一小时相关块,44,19003060.70759587,1056134.731240834,4579551.7015121635,5.259990394069947
问题4-2_波动价,一小时相关块,45,19103913.927075073,1076990.399875687,4514883.5523966625,5.818627188265357
问题4-2_波动价,一小时相关块,46,19070725.733779557,1074708.46178481,4542992.351438328,5.634794227815654
问题4-2_波动价,一小时相关块,47,19020450.960922096,1060526.0702396499,4555776.748442171,5.356316871485101
问题4-2_波动价,一小时相关块,48,19261444.766022645,1112098.7570429444,4552569.038788894,6.6912073925565085
问题4-2_波动价,一小时相关块,49,19032452.41595222,1071782.0991367702,4570792.685201886,5.422794217457105
问题4-2_波动价,一小时相关块,50,18940500.81223189,1054503.8701590388,4534174.268447137,4.913464427206393
问题4-2_波动价,一小时相关块,51,19130239.173926964,1074311.3101681997,4582574.499663282,5.964445552653563
问题4-2_波动价,一小时相关块,52,19048293.225600116,1069361.3401030535,4578581.503897117,5.510538160237077
问题4-2_波动价,一小时相关块,53,19073280.08204895,1069385.5171847902,4546071.374808408,5.648943036706844
问题4-2_波动价,一小时相关块,54,19100539.97004473,1077070.110240015,4536120.185763027,5.7999384785849095
问题4-2_波动价,一小时相关块,55,19067448.044921096,1081758.465025927,4494693.982937591,5.616638757859271
问题4-2_波动价,一小时相关块,56,18967192.20468335,1049707.5997555456,4535432.895380075,5.061310911321559
问题4-2_波动价,一小时相关块,57,19115012.594139777,1080967.3370275956,4565777.560128929,5.88010389491771
问题4-2_波动价,一小时相关块,58,18962326.735589236,1044433.8333167798,4555527.3569795275,5.034360556429296
问题4-2_波动价,一小时相关块,59,19188891.6605881,1095263.6829957545,4559096.135019761,6.2893279638365
问题4-2_波动价,一小时相关块,60,19076580.230187483,1071106.4408307378,4530257.835502673,5.6672229110232175
问题4-2_波动价,一小时相关块,61,18975241.945889674,1051106.0601299875,4577745.477924175,5.105899290798432
问题4-2_波动价,一小时相关块,62,19017211.183514327,1069345.3591035972,4565860.046262467,5.338371397118213
问题4-2_波动价,一小时相关块,63,19014366.90526475,1064461.0785206,4585984.7864971645,5.322616634986188
问题4-2_波动价,一小时相关块,64,18985233.730150055,1051058.1730898626,4570534.89351957,5.1612448549394285
问题4-2_波动价,一小时相关块,65,19059794.328653216,1069362.955981607,4570168.102502352,5.574244002970441
问题4-2_波动价,一小时相关块,66,19049913.8789344,1064937.2417559074,4530243.667124959,5.519515132790276
问题4-2_波动价,一小时相关块,67,19028745.16829954,1062954.1305903113,4503123.608597203,5.402259375290686
问题4-2_波动价,一小时相关块,68,19094702.82564939,1072507.5441924534,4538338.024795132,5.767605910035245
问题4-2_波动价,一小时相关块,69,18930704.550357953,1050331.6248070614,4562741.373462717,4.859201882523978
问题4-2_波动价,一小时相关块,70,18930785.424421877,1047071.165365488,4528289.268517498,4.859649852633785
问题4-2_波动价,一小时相关块,71,19058358.88222324,1067850.0869738325,4566812.992374428,5.566292911314452
问题4-2_波动价,一小时相关块,72,19042113.97706551,1072773.6460107658,4543539.046536687,5.4763106401863215
问题4-2_波动价,一小时相关块,73,18907131.690269347,1039345.2816945615,4532795.814899642,4.728629283474417
问题4-2_波动价,一小时相关块,74,19017640.710827813,1066964.382848211,4562862.838435378,5.340750594953092
问题4-2_波动价,一小时相关块,75,19093689.338901892,1072423.3565152558,4518759.968143763,5.76199209829471
问题4-2_波动价,一小时相关块,76,19036035.423828118,1061063.8009006043,4593421.444118595,5.442640882181382
问题4-2_波动价,一小时相关块,77,18939017.20890473,1042146.1300470897,4590027.571964275,4.905246589334467
问题4-2_波动价,一小时相关块,78,19040901.41630511,1068258.1080996655,4536266.152705641,5.4695941361475375
问题4-2_波动价,一小时相关块,79,19042393.723541494,1061715.80100157,4607557.452166174,5.477860185905725
问题4-2_波动价,一小时相关块,80,19096888.093519825,1078960.0019104814,4559799.871459379,5.7797103430310415
问题4-2_波动价,一小时相关块,81,18946183.024216607,1050699.150445001,4553245.929885665,4.944938808524846
问题4-2_波动价,一小时相关块,82,19072635.87854019,1068169.623123982,4553909.22866549,5.645374724412999
问题4-2_波动价,一小时相关块,83,19159185.53337229,1088590.4697445142,4553641.624920289,6.124782540681006
问题4-2_波动价,一小时相关块,84,19056419.66177626,1066146.204445066,4547914.200132211,5.555551361373512
问题4-2_波动价,一小时相关块,85,19051548.032645788,1067682.1933213281,4550974.706949767,5.5285668853795045
问题4-2_波动价,一小时相关块,86,18920743.13218718,1048981.9928434014,4558713.467277067,4.804024519408601
问题4-2_波动价,一小时相关块,87,19167071.877263155,1091319.491361933,4542082.181072682,6.168465844911308
问题4-2_波动价,一小时相关块,88,19123211.427598484,1079209.855885239,4547803.088651826,5.925518112363282
问题4-2_波动价,一小时相关块,89,19132404.307890758,1090684.9532373245,4511027.63079329,5.97643846178213
问题4-2_波动价,一小时相关块,90,19028663.427892014,1066602.6990907348,4536151.6939216275,5.401806606410786
问题4-2_波动价,一小时相关块,91,18956315.994921535,1046744.7645436528,4547541.341635514,5.001066419517408
问题4-2_波动价,一小时相关块,92,19074479.05728302,1078020.8521505417,4545692.484183089,5.655584289058924
问题4-2_波动价,一小时相关块,93,19081698.188966133,1077750.8733461774,4502093.724394264,5.695571833345103
问题4-2_波动价,一小时相关块,94,19079934.95255346,1081551.760134302,4541030.551137753,5.685805077835759
问题4-2_波动价,一小时相关块,95,19097496.73222835,1074882.4724415361,4539670.846165742,5.783081658083833
问题4-2_波动价,一小时相关块,96,19000893.62693264,1055597.2117027862,4617553.53861009,5.247986701964513
问题4-2_波动价,一小时相关块,97,18995898.585655633,1059385.5023870263,4586510.873395583,5.220318632861032
问题4-2_波动价,一小时相关块,98,19049764.26959502,1067988.4040236128,4584484.196260519,5.518686430621278
问题4-2_波动价,一小时相关块,99,19080037.75102605,1066087.2164463836,4576523.001685979,5.686374489595458
问题4-2_波动价,一小时相关块,100,19016786.405837815,1062062.8507207285,4562966.630041653,5.336018508031692
问题4-3_波动价,逐时段独立,1,18878760.948251158,1362814.2553897917,2419968.042725468,12.038010091254336
问题4-3_波动价,逐时段独立,2,18900499.06198536,1368012.485257316,2425256.6816386706,12.16701723386253
问题4-3_波动价,逐时段独立,3,18949212.4062243,1376870.550978155,2422875.391459626,12.456111744269304
问题4-3_波动价,逐时段独立,4,18894517.470992174,1365457.3570919968,2414242.0439989236,12.131518847401
问题4-3_波动价,逐时段独立,5,18839820.464723542,1356576.343884626,2424032.604168935,11.806913659746776
问题4-3_波动价,逐时段独立,6,18804323.55515869,1349892.9786681202,2429520.53778709,11.596253483322227
问题4-3_波动价,逐时段独立,7,18899637.04700595,1367730.6595843914,2419396.15862156,12.161901514497986
问题4-3_波动价,逐时段独立,8,18862622.913849868,1360086.8931533005,2437677.0727193635,11.94223721367722
问题4-3_波动价,逐时段独立,9,18913507.98971516,1365339.2023740076,2421235.91831991,12.244220095865144
问题4-3_波动价,逐时段独立,10,18925219.795957495,1371985.264229433,2421518.653866199,12.313725052761537
问题4-3_波动价,逐时段独立,11,18940357.949294277,1378145.4497735328,2408846.9527290654,12.403564030062974
问题4-3_波动价,逐时段独立,12,18886150.413165055,1367102.8112031056,2422778.4473774843,12.081863654889236
问题4-3_波动价,逐时段独立,13,18938884.32858962,1383338.558192553,2415419.5510158287,12.394818671623842
问题4-3_波动价,逐时段独立,14,18899966.485933304,1368025.6434941904,2422299.1453451887,12.163856604769464
问题4-3_波动价,逐时段独立,15,18904488.323364638,1372802.7612475625,2418547.252303072,12.190691928822318
问题4-3_波动价,逐时段独立,16,18954513.72650466,1381484.5855382518,2422487.4178810013,12.487572992001429
问题4-3_波动价,逐时段独立,17,18881576.545757663,1366732.5803969982,2405021.25366179,12.0547195534225
问题4-3_波动价,逐时段独立,18,18890417.336079188,1364746.5871242594,2437857.4018600658,12.107186161690532
问题4-3_波动价,逐时段独立,19,18912816.202653445,1367800.7271477692,2412235.4898349973,12.240114612141184
问题4-3_波动价,逐时段独立,20,18848205.51159042,1354826.5565217123,2421434.5522090755,11.856675610123823
问题4-3_波动价,逐时段独立,21,18950451.83081863,1382379.981954126,2416203.849678318,12.463467241040927
问题4-3_波动价,逐时段独立,22,18882475.41403311,1366227.7005303712,2420778.221653316,12.060053982582941
问题4-3_波动价,逐时段独立,23,18894904.255996753,1364947.593995789,2423861.7315534074,12.1338142640528
问题4-3_波动价,逐时段独立,24,18888435.820246935,1367109.958950492,2421723.0971360654,12.09542664572345
问题4-3_波动价,逐时段独立,25,18942305.66377355,1377247.167358345,2420797.42784461,12.415122948314128
问题4-3_波动价,逐时段独立,26,18853035.36570847,1354237.0267388795,2429343.564130498,11.885338891887942
问题4-3_波动价,逐时段独立,27,18862560.358047888,1358908.4860463492,2423049.010868987,11.941865969632492
问题4-3_波动价,逐时段独立,28,18925015.442691594,1373720.5387706666,2417724.2297258032,12.312512296620914
问题4-3_波动价,逐时段独立,29,18834052.376466807,1358564.3924702492,2409683.466085625,11.772682327929672
问题4-3_波动价,逐时段独立,30,18870533.821367636,1362461.7672677534,2409910.865055266,11.989185333775577
问题4-3_波动价,逐时段独立,31,18852024.327016983,1356732.3966522883,2406292.5510494094,11.87933877549101
问题4-3_波动价,逐时段独立,32,18878190.999099683,1363629.5590546406,2410028.0211556917,12.034627667537045
问题4-3_波动价,逐时段独立,33,18886082.9067792,1364515.2106456147,2424460.2900476605,12.08146303107922
问题4-3_波动价,逐时段独立,34,18858926.350792497,1359692.4696926414,2413820.222545853,11.92029956796732
问题4-3_波动价,逐时段独立,35,18806511.018946275,1348145.935431249,2428664.212791343,11.609235219283587
问题4-3_波动价,逐时段独立,36,18884653.499880776,1370024.8947125017,2405913.0627835607,12.072980064164751
问题4-3_波动价,逐时段独立,37,18897082.361841142,1362287.09524233,2429689.932134916,12.146740464307282
问题4-3_波动价,逐时段独立,38,18852853.11591111,1357938.8615463006,2424255.160593112,11.884257311126811
问题4-3_波动价,逐时段独立,39,18832350.601431254,1351602.107753689,2423168.2136584367,11.762582963404157
问题4-3_波动价,逐时段独立,40,18864395.88003187,1358979.6973539218,2425250.7045817655,11.952759069615482
问题4-3_波动价,逐时段独立,41,18835568.48709806,1358909.9003775222,2424913.5477548246,11.781679847346837
问题4-3_波动价,逐时段独立,42,18914639.15323578,1373251.813750362,2417423.4113764195,12.250933105807116
问题4-3_波动价,逐时段独立,43,18842771.49046366,1358518.6727834446,2422248.0862892126,11.824426835137736
问题4-3_波动价,逐时段独立,44,18893863.339510597,1368931.893733593,2428696.125258326,12.127636834713051
问题4-3_波动价,逐时段独立,45,18893244.818674345,1366768.8063041335,2430532.6714571267,12.123966157178456
问题4-3_波动价,逐时段独立,46,18864392.097547323,1361655.5585872154,2424446.4652596987,11.952736622059579
问题4-3_波动价,逐时段独立,47,18919402.14027596,1371206.8769215965,2407993.0087944763,12.2791995578023
问题4-3_波动价,逐时段独立,48,18905483.99721924,1364772.9389378722,2420881.887834032,12.196600860964368
问题4-3_波动价,逐时段独立,49,18871172.27284601,1360612.8357525961,2423470.773762542,11.99297429182069
问题4-3_波动价,逐时段独立,50,18911213.66092993,1371922.4174017117,2415717.4370873077,12.230604158235714
问题4-3_波动价,逐时段独立,51,18923781.183347944,1372982.3958778298,2435432.9816661244,12.30518745357756
问题4-3_波动价,逐时段独立,52,18841679.77062709,1352515.891092586,2437375.6061128145,11.817947907924143
问题4-3_波动价,逐时段独立,53,18895619.11003134,1365112.379203334,2415191.649816546,12.138056641174932
问题4-3_波动价,逐时段独立,54,18869705.751266047,1358689.1126020222,2424918.7516623456,11.98427106389035
问题4-3_波动价,逐时段独立,55,18927466.788772915,1377243.941859494,2415879.6958731096,12.327060070055262
问题4-3_波动价,逐时段独立,56,18871058.49141052,1357161.2360214363,2424833.8778514643,11.99229904381831
问题4-3_波动价,逐时段独立,57,18889852.113173526,1365534.6287264563,2433393.5925479718,12.103831786380525
问题4-3_波动价,逐时段独立,58,18888915.998664223,1365257.47177405,2429479.1257979963,12.09827631549305
问题4-3_波动价,逐时段独立,59,18952326.63095651,1380154.5682910008,2412914.775664062,12.474593441396053
问题4-3_波动价,逐时段独立,60,18911426.625941258,1368577.3838093886,2414674.5464465907,12.231868021693359
问题4-3_波动价,逐时段独立,61,18888263.727541402,1363834.11499544,2423537.1406527697,12.094405343301528
问题4-3_波动价,逐时段独立,62,18904427.190566964,1368371.4076400297,2431654.136325306,12.190329129747667
问题4-3_波动价,逐时段独立,63,18909454.948379356,1374248.5483107436,2406081.0885479474,12.220166891985617
问题4-3_波动价,逐时段独立,64,18891338.484438088,1365086.683630818,2410950.5821250323,12.112652814370396
问题4-3_波动价,逐时段独立,65,18870448.926927723,1360571.0342075292,2414757.5428712997,11.988681518713662
问题4-3_波动价,逐时段独立,66,18845235.093678594,1356622.6022630632,2427948.249910831,11.839047349832121
问题4-3_波动价,逐时段独立,67,18906643.05955171,1368440.271069921,2418852.3794200197,12.203479439365662
问题4-3_波动价,逐时段独立,68,18865669.979067214,1358449.1658968872,2411577.2956839884,11.960320345536623
问题4-3_波动价,逐时段独立,69,18899017.22744435,1365870.74756109,2414677.6451163236,12.158223129540001
问题4-3_波动价,逐时段独立,70,18840266.073125422,1352337.419501102,2436420.812174587,11.80955817009166
问题4-3_波动价,逐时段独立,71,18942335.550357856,1378089.6956352359,2415284.8151467917,12.415300313419975
问题4-3_波动价,逐时段独立,72,18873877.080269694,1366318.2451810073,2421317.8644538764,12.009026258486323
问题4-3_波动价,逐时段独立,73,18937479.693085942,1372617.402999645,2426640.425959896,12.386482713180037
问题4-3_波动价,逐时段独立,74,18880931.877151236,1361048.632779678,2421189.118718393,12.050893699171251
问题4-3_波动价,逐时段独立,75,18935714.93677896,1379240.003636037,2392699.8999407506,12.37600957961622
问题4-3_波动价,逐时段独立,76,18872849.87987062,1361391.098300557,2434323.612882602,12.002930228720764
问题4-3_波动价,逐时段独立,77,18927658.61553345,1372073.4936532124,2429171.2764887977,12.328198486320563
问题4-3_波动价,逐时段独立,78,18887969.30116631,1367327.0171902166,2421060.7825007597,12.092658038736692
问题4-3_波动价,逐时段独立,79,18875966.803588334,1362350.9613605319,2420256.8588598776,12.021427943263374
问题4-3_波动价,逐时段独立,80,18850398.32715004,1355750.9001260535,2424406.6562481476,11.869689106744175
问题4-3_波动价,逐时段独立,81,18912087.799684823,1369725.5039306292,2425037.6640857467,12.235791827432351
问题4-3_波动价,逐时段独立,82,18886008.883685153,1363140.3804667927,2425208.5506466916,12.081023733172923
问题4-3_波动价,逐时段独立,83,18842259.922396682,1359751.2768049382,2440763.436179471,11.821390880161275
问题4-3_波动价,逐时段独立,84,18899274.028183207,1366427.112045696,2417758.1736920206,12.159747140774124
问题4-3_波动价,逐时段独立,85,18900454.50045494,1367551.8012819733,2410049.9462181395,12.166752778731805
问题4-3_波动价,逐时段独立,86,18898064.569207408,1369533.1758727175,2415959.3738058293,12.15256947814538
问题4-3_波动价,逐时段独立,87,18849189.827428192,1361862.5704412707,2424483.6262207883,11.862517136909778
问题4-3_波动价,逐时段独立,88,18889423.703630604,1370233.7157003803,2407102.4829578507,12.101289344489107
问题4-3_波动价,逐时段独立,89,18896915.7840772,1364492.9811464346,2422556.5392722366,12.145751890891443
问题4-3_波动价,逐时段独立,90,18930260.693169862,1366303.933093827,2415484.2165551633,12.34364079216288
问题4-3_波动价,逐时段独立,91,18932199.103433393,1376255.4592269063,2412909.551166502,12.355144493558413
问题4-3_波动价,逐时段独立,92,18876437.01626911,1364160.4584763513,2424057.2746488093,12.024218470312164
问题4-3_波动价,逐时段独立,93,18880749.30981303,1360013.8928590156,2418417.8440459147,12.049810233930259
问题4-3_波动价,逐时段独立,94,18924929.424362235,1371126.676096778,2419612.392021534,12.312001811717854
问题4-3_波动价,逐时段独立,95,18862422.8975007,1359666.746576445,2412633.900525281,11.941050195429149
问题4-3_波动价,逐时段独立,96,18912219.467930242,1372920.5365439646,2417732.956173462,12.236573226606229
问题4-3_波动价,逐时段独立,97,18941458.718964808,1376629.3811926502,2429878.360900811,12.4100966644765
问题4-3_波动价,逐时段独立,98,18851692.91989744,1354457.1038577096,2433832.5091332207,11.877372004774145
问题4-3_波动价,逐时段独立,99,18910470.752618104,1370025.3398197037,2412463.662443962,12.226195290028464
问题4-3_波动价,逐时段独立,100,18910127.067457553,1370213.126052906,2407804.7538897293,12.224155653974389
问题4-3_波动价,一小时相关块,1,18833568.649778407,1366693.8241864438,2398250.8980995896,11.769811600568648
问题4-3_波动价,一小时相关块,2,18797671.359612178,1339537.643688308,2466450.92734877,11.55677532298045
问题4-3_波动价,一小时相关块,3,18885743.424713463,1359655.7669452273,2421524.268025426,12.079448338737308
问题4-3_波动价,一小时相关块,4,18891930.474617362,1357788.6500488697,2413306.775247054,12.116166042905952
问题4-3_波动价,一小时相关块,5,18868597.661773432,1364747.6829403373,2406222.0708482824,11.97769498921597
问题4-3_波动价,一小时相关块,6,18773308.877220303,1346415.1408247156,2434303.0130206486,11.412193586098951
问题4-3_波动价,一小时相关块,7,18845398.542764142,1358060.343058963,2426909.2931069173,11.840017355774046
问题4-3_波动价,一小时相关块,8,18943142.026184507,1371289.509336356,2398871.8413499203,12.42008642978918
问题4-3_波动价,一小时相关块,9,18815276.73645973,1348402.0764951608,2432473.3271382544,11.661256300006073
问题4-3_波动价,一小时相关块,10,18712307.077485934,1321646.948201003,2444313.961501011,11.050171932614482
问题4-3_波动价,一小时相关块,11,19014576.748541873,1392151.2354979005,2387761.9580341796,12.84402336962749
问题4-3_波动价,一小时相关块,12,18992159.888607062,1403370.699197872,2413965.8877556296,12.710988135669332
问题4-3_波动价,一小时相关块,13,18867083.203857467,1354676.8920006622,2436343.899534872,11.968707278013046
问题4-3_波动价,一小时相关块,14,18968679.48403156,1389859.4972652905,2399255.185363779,12.571641183187253
问题4-3_波动价,一小时相关块,15,18853083.849875584,1350925.3523338165,2441260.3807058525,11.885626626322377
问题4-3_波动价,一小时相关块,16,18903696.89805559,1369348.0503614352,2424166.1999581894,12.18599513134686
问题4-3_波动价,一小时相关块,17,18859730.27794655,1352846.6616363972,2445656.0284413826,11.925070558968542
问题4-3_波动价,一小时相关块,18,18901929.313208696,1364532.2167016882,2400290.1061098618,12.175505211512805
问题4-3_波动价,一小时相关块,19,18964297.277196806,1386749.4545285404,2397507.525624116,12.545634511726123
问题4-3_波动价,一小时相关块,20,18864449.82744843,1353497.2721735698,2447824.803529128,11.953079226283482
问题4-3_波动价,一小时相关块,21,18862878.042401403,1371450.2327310082,2385697.2739677196,11.943751301138228
问题4-3_波动价,一小时相关块,22,18833874.909410603,1349866.5001278245,2432252.1992921988,11.771629130853412
问题4-3_波动价,一小时相关块,23,18716943.568384245,1332031.4279118867,2443252.241455403,11.077687679833105
问题4-3_波动价,一小时相关块,24,18804358.797161408,1353056.413835844,2450194.229743459,11.596462630726933
问题4-3_波动价,一小时相关块,25,19033596.155670382,1395447.959638502,2403950.447372702,12.95689605939958
问题4-3_波动价,一小时相关块,26,19046785.962345164,1395715.9746750605,2420550.857208117,13.035172366694425
问题4-3_波动价,一小时相关块,27,18900719.010200083,1380931.0133098103,2405979.736280824,12.168322539881737
问题4-3_波动价,一小时相关块,28,18791149.739916906,1347964.7555243373,2431956.5339990165,11.518072078883401
问题4-3_波动价,一小时相关块,29,18808462.315915026,1346443.3870477069,2440132.90537569,11.62081539819868
问题4-3_波动价,一小时相关块,30,18980469.99562509,1384241.7418645183,2386698.9652620615,12.641613225341807
问题4-3_波动价,一小时相关块,31,18906358.18739093,1363894.743631838,2435210.5941863516,12.201788835299453
问题4-3_波动价,一小时相关块,32,18841144.491738506,1350733.9713229924,2403426.3336038147,11.814771238560873
问题4-3_波动价,一小时相关块,33,18996928.90396492,1384438.2007214618,2385981.090867569,12.73929036335546
问题4-3_波动价,一小时相关块,34,18826534.287448715,1344608.9962371194,2412911.870077467,11.728065430899992
问题4-3_波动价,一小时相关块,35,18839430.799261995,1363713.1877929186,2394456.1845673644,11.80460114871742
问题4-3_波动价,一小时相关块,36,18775428.574227367,1347718.737967051,2431351.7353699636,11.424773152910506
问题4-3_波动价,一小时相关块,37,18873361.927424006,1357115.6147467885,2441722.074039744,12.00596902926021
问题4-3_波动价,一小时相关块,38,18885448.068174295,1369382.422300315,2418650.6393350596,12.077695514015051
问题4-3_波动价,一小时相关块,39,18888299.552661434,1356072.5112549653,2432938.7874049586,12.094617951277797
问题4-3_波动价,一小时相关块,40,19062793.930057123,1404077.0057735862,2395819.327612914,13.130173349702211
问题4-3_波动价,一小时相关块,41,19001580.97212205,1386220.7757704281,2400650.968917178,12.766898555469464
问题4-3_波动价,一小时相关块,42,18863115.238519568,1355234.1869569502,2438477.5078474693,11.945158966670611
问题4-3_波动价,一小时相关块,43,18852917.3363999,1362655.992046626,2438288.8424790176,11.884638434432038
问题4-3_波动价,一小时相关块,44,18890211.52697853,1370493.8743189054,2416017.605456122,12.105964765744082
问题4-3_波动价,一小时相关块,45,18946729.687755324,1384352.1570146545,2412512.6435891083,12.441377788071485
问题4-3_波动价,一小时相关块,46,19098271.57647323,1414387.2936692587,2406480.658224347,13.340719206926476
问题4-3_波动价,一小时相关块,47,18760673.049728416,1343293.3965845637,2419048.5447491677,11.337204927048283
问题4-3_波动价,一小时相关块,48,18960859.270148784,1383830.8140466665,2412596.556678926,12.525231294089334
问题4-3_波动价,一小时相关块,49,18814825.940835696,1347659.3981482885,2439560.4495226378,11.658581005540869
问题4-3_波动价,一小时相关块,50,18814508.826080393,1357185.684690875,2385513.2618770357,11.656699054376185
问题4-3_波动价,一小时相关块,51,18953232.35305801,1377263.1620736069,2367229.3664605506,12.47996854531448
问题4-3_波动价,一小时相关块,52,18814643.545310944,1349363.9009274477,2427892.417614582,11.657498559945068
问题4-3_波动价,一小时相关块,53,18864759.995608643,1364712.7348720662,2415711.9002264366,11.954919952142507
问题4-3_波动价,一小时相关块,54,18830055.92128651,1345610.4272059747,2435489.896209905,11.748964940594409
问题4-3_波动价,一小时相关块,55,18879579.65595211,1364651.9617448314,2444587.4280396774,12.042868798979534
问题4-3_波动价,一小时相关块,56,18849378.92982193,1356211.75753878,2429688.6145160673,11.863639385131265
问题4-3_波动价,一小时相关块,57,18914719.176940873,1374714.090517546,2436466.2718731784,12.251408014976395
问题4-3_波动价,一小时相关块,58,18795344.64614912,1345981.5467888778,2429702.327658085,11.542967195044085
问题4-3_波动价,一小时相关块,59,18792719.129213467,1349856.1739731561,2409889.3455971982,11.527385786193278
问题4-3_波动价,一小时相关块,60,18767249.09946905,1341997.4806396284,2425434.439745282,11.376231192025177
问题4-3_波动价,一小时相关块,61,18871152.157576133,1371536.6469235632,2416819.1940611424,11.992854915617146
问题4-3_波动价,一小时相关块,62,19012227.60970244,1387167.9259202564,2438827.1726386016,12.830082155915456
问题4-3_波动价,一小时相关块,63,18835576.741875116,1351478.955982045,2443329.3694121027,11.781728836197193
问题4-3_波动价,一小时相关块,64,18921973.779055882,1370900.8009534478,2420656.658963821,12.29446122102087
问题4-3_波动价,一小时相关块,65,18846913.647921987,1362356.574568593,2425119.29905687,11.849008908102565
问题4-3_波动价,一小时相关块,66,18869185.57996358,1364033.1790373079,2459056.1946830265,11.98118405209998
问题4-3_波动价,一小时相关块,67,18675015.570600573,1313204.941092403,2446158.596938858,10.828861527964895
问题4-3_波动价,一小时相关块,68,18923127.44424843,1392644.9154770677,2387317.793453388,12.301307769522607
问题4-3_波动价,一小时相关块,69,18933466.083012573,1378460.7762692417,2447336.676214869,12.362663518311523
问题4-3_波动价,一小时相关块,70,18794780.327637486,1343920.5923335587,2432397.573331966,11.539618186956414
问题4-3_波动价,一小时相关块,71,18830251.44398586,1352506.0110833761,2412582.7335035997,11.750125290800817
问题4-3_波动价,一小时相关块,72,18846569.50438084,1360151.8719724747,2443658.4450510633,11.846966551740223
问题4-3_波动价,一小时相关块,73,18975259.68351324,1382384.5396021493,2399391.914427968,12.610692075242703
问题4-3_波动价,一小时相关块,74,18829002.75605734,1357678.3266369684,2440982.43610112,11.742714819789501
问题4-3_波动价,一小时相关块,75,18888755.262585793,1369239.3976081922,2420795.223272348,12.097322410179734
问题4-3_波动价,一小时相关块,76,18898857.53767272,1359440.9523153096,2459360.4338235343,12.157275433645442
问题4-3_波动价,一小时相关块,77,18953715.164516732,1384592.7380579852,2434679.653371237,12.482833841147855
问题4-3_波动价,一小时相关块,78,18712209.225812554,1335493.980756357,2427335.229000381,11.049591221475662
问题4-3_波动价,一小时相关块,79,18851497.520455822,1356426.0396067267,2407494.4570804527,11.87621238605383
问题4-3_波动价,一小时相关块,80,18864009.69353623,1352321.2271128222,2416032.1553413216,11.950467204878468
问题4-3_波动价,一小时相关块,81,18881909.493877333,1364627.4482164676,2396624.327301683,12.05669546936814
问题4-3_波动价,一小时相关块,82,18980979.57175244,1383592.3941255212,2424752.4929977893,12.644637358941191
问题4-3_波动价,一小时相关块,83,18891285.698015537,1370367.4253270354,2421971.792425591,12.112339547744533
问题4-3_波动价,一小时相关块,84,18868289.469230335,1358812.030855772,2410715.1369239925,11.975865987866353
问题4-3_波动价,一小时相关块,85,18889108.38126202,1365902.2284754142,2453814.619472881,12.099418030433572
问题4-3_波动价,一小时相关块,86,18861794.345379762,1357785.722846992,2424206.971992776,11.937319986171158
问题4-3_波动价,一小时相关块,87,18815655.879567124,1348768.7227264098,2422787.463755523,11.663506365008146
问题4-3_波动价,一小时相关块,88,18809535.749127977,1350662.16315871,2396707.363619824,11.627185801503991
问题4-3_波动价,一小时相关块,89,18914015.72668379,1372234.362216856,2423020.3938473994,12.247233314781948
问题4-3_波动价,一小时相关块,90,18748775.595688626,1333513.0145056807,2436417.3217179067,11.266598223598635
问题4-3_波动价,一小时相关块,91,18849954.06338427,1355233.0593784864,2429765.0429163976,11.867052576284953
问题4-3_波动价,一小时相关块,92,18810710.572561346,1354790.7395846369,2392111.786154205,11.63415791583098
问题4-3_波动价,一小时相关块,93,18957521.789067835,1375498.78635234,2399422.483588213,12.505424658471043
问题4-3_波动价,一小时相关块,94,18927320.853146166,1372919.3446562819,2421033.6631215718,12.326193999592938
问题4-3_波动价,一小时相关块,95,19010522.90117527,1400538.0401475048,2424063.3853265373,12.819965382272681
问题4-3_波动价,一小时相关块,96,18865640.90904551,1358075.7558858986,2409724.928759147,11.960147826408175
问题4-3_波动价,一小时相关块,97,18869433.767229296,1358816.4697379419,2422085.331365859,11.98265694576377
问题4-3_波动价,一小时相关块,98,18961178.05937291,1379148.0343365245,2386533.132310178,12.527123182566946
问题4-3_波动价,一小时相关块,99,18939828.07081831,1372213.2758739085,2434600.6410720865,12.400419410021414
问题4-3_波动价,一小时相关块,100,18854616.488277595,1354465.7921127407,2452024.91106499,11.894722231548883
