策略,日期,计划购电量_kWh,调整后购电量_kWh,上调量_kWh,下调量_kWh,紧急购电量_kWh,剩余电量_kWh,计划购电费_元,调整成本_元,紧急购电费_元,总成本_元
问题3_固定价_八时点代理,2025-01-01,72811.60173058718,88726.40492179766,15914.80319121048,0.0,4728.497470009079,1971.7515086021815,45896.42637609798,18772.154361328172,16953.25340919625,81621.83414662241
问题3_固定价_八时点代理,2025-01-02,98814.4432248167,97161.60480593929,312.85420829761784,1965.692627175029,2269.5256816331125,1781.4640404683241,63592.78350156184,-393.4360775111846,8352.414702408949,71551.76212645961
问题3_固定价_八时点代理,2025-01-03,96131.00093911405,59634.51623795503,0.0,36496.48470115901,3168.978485474702,13621.754658476251,61727.507245338355,-14081.837255698585,16325.243864446673,63970.913854086444
问题3_固定价_八时点代理,2025-01-04,92900.89230510443,59599.274518459446,5.684341886080802e-14,33301.61778664497,3463.369222573626,14566.224572670662,59299.85123204706,-12794.852449710972,18201.121426121477,64706.12020845756
问题3_固定价_八时点代理,2025-01-05,71940.23805948337,90421.85436911056,18481.616309627192,0.0,7486.88937181118,2154.7042738027103,42534.27150746365,22779.222631992405,29944.29879010642,95257.79292956246
问题3_固定价_八时点代理,2025-01-06,93751.3989034308,95128.47398732328,2198.3294150478537,821.2543311553825,1999.340501847251,1713.1381565015063,59904.0001687678,2321.1313336381063,7527.765617908912,69752.89712031481
问题3_固定价_八时点代理,2025-01-07,92252.05824819002,98039.61842895535,5787.560180765332,0.0,1765.3120901200948,2416.0175651555937,58669.58780625208,6692.1300801593925,6489.326684629974,71851.04457104145
问题3_固定价_八时点代理,2025-01-08,100256.77394918974,94533.60644363085,585.0045502174678,6308.172055776358,2120.5111521797976,2354.1888364186325,64519.334749876136,-1445.523072522624,7335.278505342414,70409.09018269593
问题3_固定价_八时点代理,2025-01-09,93653.10643526725,95279.49409638808,1836.6553266764286,210.26766555560482,2508.189326878326,1891.1899171861292,59723.68547671441,2329.10367174144,8947.706367579893,71000.49551603575
问题3_固定价_八时点代理,2025-01-10,99796.85530570417,59646.850687397826,0.0,40150.004618306346,3245.486067879866,13646.66530979623,64424.33971880979,-15474.134340230343,17322.80826954891,66273.01364812836
问题3_固定价_八时点代理,2025-01-11,93175.35249972447,57927.0686041213,0.0,35248.28389560317,3892.203903478089,13316.700189926007,59485.01108725251,-13396.753061534257,20102.44796280534,66190.7059885236
问题3_固定价_八时点代理,2025-01-12,94909.75120503736,96411.30391090135,3331.915520704322,1830.3628148403309,2220.2093766733997,2998.9464650421933,60448.223970207415,3573.2719958311127,7695.037722745051,71716.53368878357
问题3_固定价_八时点代理,2025-01-13,95133.79405998165,94535.16525893829,1158.3014982170625,1756.9302992604144,1651.0774509733353,3147.904650005571,60818.62801515737,436.93541078942707,6061.333272991561,67316.89669893835
问题3_固定价_八时点代理,2025-01-14,93491.66580099612,93721.17231343768,810.1924500561114,580.6859376145566,1998.9573430506566,1629.1035465221835,59665.474863192176,539.4390391843322,7309.744273040341,67514.65817541684
问题3_固定价_八时点代理,2025-01-15,90240.96783037552,95100.59121708694,4859.623386711417,0.0,1588.8438770852767,1824.3793562027565,57219.56514457248,5503.446274222098,6245.909795835121,68968.92121462969
问题3_固定价_八时点代理,2025-01-16,89886.86171456757,93200.5913144214,3313.7295998538325,0.0,2180.98639184876,1675.3620606642985,56992.105524391896,3871.7125639507863,8460.44593957857,69324.26402792125
问题3_固定价_八时点代理,2025-01-17,92585.88616142832,56854.52865984042,0.0,35731.3575015879,3869.397728615967,14411.514508419437,58889.726212783215,-13612.351847076025,20638.341716390005,65915.71608209719
问题3_固定价_八时点代理,2025-01-18,95734.3987584473,57239.99821888726,0.0,38494.40053956005,3943.870132189596,14377.374536391984,61001.954362838456,-14452.273093584567,19569.99261625983,66119.67388551372
问题3_固定价_八时点代理,2025-01-19,88921.36710752844,93572.9669844249,4667.518920980016,15.91904408356038,1552.5086691142533,1637.9654605450733,56227.02017174398,5209.941887570383,6183.629741886627,67620.591801201
问题3_固定价_八时点代理,2025-01-20,89422.59728681052,91957.8214067084,3486.539473772616,951.3153538747227,2103.586264646214,1241.131498134877,56755.16374477393,3459.054095965479,8162.015425303311,68376.23326604272
问题3_固定价_八时点代理,2025-01-21,89846.24214022716,87907.01307413008,202.7411413098904,2141.9702074069546,2248.5140197849596,1991.5423471848485,56830.16791323284,-549.2667202874188,8491.662398107,64772.56359105242
问题3_固定价_八时点代理,2025-01-22,95001.62136096813,94599.08444471266,1258.6592167096865,1661.196132965163,1835.623821083778,2711.8602026428225,60445.46327583331,919.907852454411,7166.49020138737,68531.8613296751
问题3_固定价_八时点代理,2025-01-23,91917.40023262601,93784.19617163947,2603.127227087611,736.3312880741496,2215.6999494314277,1670.5922848300206,58243.70088288624,3055.835344662827,7872.891071726414,69172.42729927547
问题3_固定价_八时点代理,2025-01-24,42830.58979127376,44125.5312396052,2132.5718716366187,837.630423305175,1799.2548489337353,2046.497954709058,22409.01912145251,1173.72714901988,7028.965541961682,30611.71181243407
问题3_固定价_八时点代理,2025-01-25,42200.80445476298,44089.45021164699,2840.0955496278743,951.4497927438651,1667.4546822500188,3284.0059415205333,22056.45809072124,1484.4144432088526,7350.803540171131,30891.676074101222
问题3_固定价_八时点代理,2025-01-26,98156.97436945321,93167.63948087845,33.134719372409336,5022.469607947168,1988.5724126186274,2694.348402011472,62457.939130827544,-1632.0886364247676,7342.747226118506,68168.59772052128
问题3_固定价_八时点代理,2025-01-27,87346.9832449781,88688.40182584443,1595.3180804441658,253.89949957784586,2084.1695587394615,2042.9751518717167,55013.46266002259,1673.886520086653,7989.898044728295,64677.24722483754
问题3_固定价_八时点代理,2025-01-28,93290.29727211762,92251.97496692213,663.6233017980873,1701.945606993581,1577.8146896559488,2097.8326174982794,58694.89283126684,398.15361772344414,5975.555163996753,65068.60161298704
问题3_固定价_八时点代理,2025-01-29,86196.74794348351,86881.91863992631,1694.2620464798274,1009.0913500370359,1566.3815435018473,2567.606501865316,53652.86067745633,1628.0358526169948,6248.415846415504,61529.31237648883
问题3_固定价_八时点代理,2025-01-30,86757.00736093803,89387.7863143058,2838.502593007263,207.72363963948965,1358.2589673697182,2386.5515085617985,54651.184347422226,3066.304710296402,5827.325254841185,63544.814312559814
问题3_固定价_八时点代理,2025-01-31,41842.90037972188,43490.01627059526,2402.715640490761,755.5997496173877,1821.5993554039403,2585.5627674005227,21596.65108278143,1419.421725182608,7268.322969839809,30284.39577780385
问题3_固定价_八时点代理,2025-02-01,43391.58131159193,39192.29325691374,0.0,4199.288054678184,1711.9015069575037,2813.037627812475,22919.238391735926,-1460.1181999352264,7252.312228464671,28711.432420265366
问题3_固定价_八时点代理,2025-02-02,89581.798667785,83996.14737069167,245.8222167186674,5831.473513811983,1728.2375364409463,2765.6949262024764,56313.45072457497,-1853.4077426185527,7353.611849899716,61813.65483185613
问题3_固定价_八时点代理,2025-02-03,91957.24047367251,84785.75731004338,204.73721284288507,7376.220376472012,2499.170943175068,2436.9964244054718,57857.030790436824,-2408.3500369331905,9690.772081669407,65139.45283517304
问题3_固定价_八时点代理,2025-02-04,94349.50480210222,87165.02477495938,0.0,7184.480027142843,1883.3158582835479,3149.960375996216,59881.978921933885,-2697.1200389943965,7586.6821452276845,64771.54102816717
问题3_固定价_八时点代理,2025-02-05,89323.81558341708,86833.2698994577,1005.6633574025757,3496.2090413619694,1495.6479556827335,2980.053965605614,56325.31741388094,-447.6961586204427,6654.456845825863,62532.07810108636
问题3_固定价_八时点代理,2025-02-06,95330.54363320374,86430.42739532885,196.75387152178467,9096.870109396661,1617.9376122828394,3115.443646944087,60468.792393754884,-3113.393478515832,6750.291959992079,64105.69087523113
问题3_固定价_八时点代理,2025-02-07,44850.61664001078,39522.8797767004,0.0,5327.736863310384,924.2550775587574,4803.0675735049335,23323.409003345372,-1621.5454503410529,4513.864799136893,26215.728352141214
问题3_固定价_八时点代理,2025-02-08,38559.95551382139,37247.4609039841,345.3436708554748,1657.838280692766,1264.42191015688,3341.0216202007527,19905.71214408856,-52.64985169079551,5241.852325761056,25094.91461815882
问题3_固定价_八时点代理,2025-02-09,90425.99204860651,86509.47773429651,0.0,3916.5143143100127,1476.5339663351945,3922.3397316068263,57026.78007195147,-1581.1491903200122,6749.962788186836,62195.59366981829
问题3_固定价_八时点代理,2025-02-10,86115.48554254032,80301.85150833787,350.74363473992446,6164.377668942372,1220.4227102969267,2611.3755979192156,53788.61870738527,-1830.4338612585702,5407.914588979689,57366.099435106385
问题3_固定价_八时点代理,2025-02-11,87080.16753190676,80225.06357886628,154.8674197710299,7009.9713728115075,1704.9885522864863,2235.7991119497833,54755.383769255335,-2565.123539253621,7715.0795078592855,59905.339737860995
问题3_固定价_八时点代理,2025-02-12,87352.32735203441,80476.28992904199,0.0,6876.037422992419,1543.4074061082154,2229.346373843143,54785.158614471,-2559.1955276727567,6929.816118469853,59155.779205268096
问题3_固定价_八时点代理,2025-02-13,82398.34366040057,77266.99205112734,331.98602109696816,5463.337630370209,1261.4706050984612,2715.7865404072036,51002.50783032107,-1591.630521606544,5846.276204259024,55257.15351297355
问题3_固定价_八时点代理,2025-02-14,38385.20743320961,36663.14135189256,111.53419774745943,1833.6002790645089,1432.750760613907,4859.516579045551,19640.856416105937,-386.63875646093834,6512.02905742851,25766.24671707351
问题3_固定价_八时点代理,2025-02-15,39159.17049661059,36477.83698403664,0.0,2681.3335125739422,1552.4951493572732,5339.681440174918,20358.139192737537,-869.3541160685694,6807.139487460965,26295.924564129935
问题3_固定价_八时点代理,2025-02-16,87919.26712873914,79958.25186945744,529.7102023280379,8490.725461609736,1781.635321209388,2001.2992170975276,54946.75830633548,-2385.758721693235,7479.526981062706,60040.52656570495
问题3_固定价_八时点代理,2025-02-17,87696.37271758581,76140.49344509024,98.01013421627368,11653.889406711849,1924.5389237912314,2547.257898135723,54330.5254798918,-3921.7926773448835,8352.976484187757,58761.70928673468
问题3_固定价_八时点代理,2025-02-18,78483.73626314271,77720.44430727806,49.55086199142545,812.8428178560707,1663.770151373449,3024.347861441587,48525.238841852406,-226.39353986720266,6842.399705778781,55141.24500776398
问题3_固定价_八时点代理,2025-02-19,79212.12053605873,77493.43997642791,750.9853362042072,2469.6658958350326,2121.7600598485324,2203.4582892105655,49035.69881045872,-275.2984548298812,9506.083043460043,58266.48339908889
问题3_固定价_八时点代理,2025-02-20,82564.75539799403,76613.01165518962,232.79503438146997,6184.53877718587,1878.7300094229197,3153.7605334123527,50871.17507461221,-1852.6665113416989,7895.621151489186,56914.1297147597
问题3_固定价_八时点代理,2025-02-21,36345.7285875748,34789.71550376713,0.0,1556.0130838076686,1582.6710523242127,7375.267224825851,18469.18674814303,-542.4917112301886,6942.490701696541,24869.185738609383
问题3_固定价_八时点代理,2025-02-22,36350.30294891467,34712.86329523025,0.0,1637.4396536844204,1445.4595747822173,5013.68177643151,18761.067597069487,-551.0840405411857,6668.180595399244,24878.164151927547
问题3_固定价_八时点代理,2025-02-23,80937.93435374854,76246.1830871546,113.63205477768815,4805.3833213716325,2255.901843089254,2590.997446272949,49800.20175248525,-1657.7823727972013,8833.366583969491,56975.78596365754
问题3_固定价_八时点代理,2025-02-24,77643.50671354923,74344.0855836639,2.6202145634085867e-05,3299.4211560874774,2202.8955227753304,4178.119955060282,48187.90416172204,-1286.0466552494427,9776.27253251456,56678.13003898716
问题3_固定价_八时点代理,2025-02-25,80034.84219997645,70983.10163185894,7.949542548752476,9059.690110666275,2362.528272108387,3341.601165875099,49225.71071964215,-3215.018001257007,9851.853491108273,55862.54620949341
问题3_固定价_八时点代理,2025-02-26,73670.93996360854,74358.74282901426,1137.345990811219,449.5431254055052,1861.833191373416,3079.084281504423,44823.82655430962,819.8179315475953,8312.522197345546,53956.16668320276
问题3_固定价_八时点代理,2025-02-27,75225.78977194428,72198.64308435055,143.30796113647898,3170.4546487302046,1540.1777092766345,2415.129785078251,46163.900357410464,-952.4221112559918,7133.82915568626,52345.307401840735
问题3_固定价_八时点代理,2025-02-28,34945.089059952676,33563.63136532936,95.86924783413812,1477.3269424574564,1099.8259736779612,8112.238084536553,17933.968744384594,-395.09652536131216,5012.044740289961,22550.916959313243
问题3_固定价_八时点代理,2025-03-01,39173.33553005263,35637.75729268993,89.35794349171557,3624.936180854415,1369.8643184099183,10191.233650632079,19967.147739922348,-988.9681941609999,6542.482839921836,25520.662385683183
问题3_固定价_八时点代理,2025-03-02,83465.03654743916,79064.50386998986,0.0,4400.532677449309,1380.3766178884082,3569.323345837888,51547.291722357135,-1614.6060147067096,6241.826854145722,56174.512561796146
问题3_固定价_八时点代理,2025-03-03,85942.07928862076,77040.87458502583,357.35443173960704,9258.559135334537,2104.5511791175854,2659.4149031090424,53126.89266521585,-2716.4512364346906,9375.149850723532,59785.59127950469
问题3_固定价_八时点代理,2025-03-04,76413.8688074576,74820.76576241269,0.0,1593.1030450449186,1619.216807711153,2994.420303036456,46909.389806029176,-652.3481377498305,7014.729231101111,53271.770899380455
问题3_固定价_八时点代理,2025-03-05,80271.6526578977,70962.11401264851,68.1731901655977,9377.711835414795,2146.9358681201857,2763.992820610916,49246.37723007391,-3270.916436200029,9521.258645340078,55496.71943921396
问题3_固定价_八时点代理,2025-03-06,75821.96980451707,71225.44684572426,22.187828723765506,4618.710787516574,1869.496116766264,2916.601914843836,46195.38316338123,-1583.056187959477,7952.303285567043,52564.6302609888
问题3_固定价_八时点代理,2025-03-07,35299.69529146189,32225.391868589773,0.0,3074.303422872118,2054.3805572657434,10307.70741354477,18328.795108469614,-1021.4111110598957,8251.730669826535,25559.114667236256
问题3_固定价_八时点代理,2025-03-08,33478.411108314445,32092.67726090594,0.0,1385.7338474085027,1112.0549223990506,11078.20138671525,17082.479021446426,-469.2101642726525,4811.165447869941,21424.434305043716
问题3_固定价_八时点代理,2025-03-09,78671.56537896841,67977.41670861804,1.6259620992767907,10695.774632449657,2018.1884809643686,2455.6901430211537,47840.02237604569,-3482.465726912845,8692.743081150144,53050.29973028298
问题3_固定价_八时点代理,2025-03-10,75674.72674422326,72988.30343470079,290.3470409608629,2976.770350483329,2432.8263519998764,3109.4257433377625,45642.86886655324,-686.0926169159322,9537.558785699732,54494.33503533704
问题3_固定价_八时点代理,2025-03-11,66653.74219183346,69630.7519873277,3838.359127830011,861.3493323357617,1871.4493984770459,3402.7396919466055,40574.70622185862,2677.7490192007117,8303.789731673987,51556.24497273332
问题3_固定价_八时点代理,2025-03-12,76586.8315512827,66763.28453986128,93.81439528918781,9917.361406710605,2064.65486723471,2253.0546207348057,46616.5075375237,-3189.5544245967476,8796.983781058214,52223.93689398516
问题3_固定价_八时点代理,2025-03-13,76636.53841224186,72968.39066239535,224.29051093538294,3892.4382607818898,1968.7963142945946,3165.968320970828,46569.701766036684,-1289.3544449821727,9099.603160132734,54379.95048118725
问题3_固定价_八时点代理,2025-03-14,32547.86602254074,31320.32514349965,435.782127157539,1663.3230061986296,1721.613593821026,14049.954025269897,16394.78732766862,148.34356939439925,7527.114470317321,24070.24536738034
问题3_固定价_八时点代理,2025-03-15,31858.296352717654,31558.332693169625,104.24779717508227,404.211456723114,1255.868663295833,8922.533563816563,15957.16900756596,7.29856455417554,5740.812275665641,21705.279847785776
问题3_固定价_八时点代理,2025-03-16,72457.79683427942,68133.36352724818,12.413746589507127,4336.847053620748,2458.5562156512465,3165.0124020254234,44095.11978377171,-1630.0527205269111,9830.963265818029,52296.03032906283
问题3_固定价_八时点代理,2025-03-17,68303.37151379426,62361.908447110494,216.49685697046942,6157.959923654238,2186.3136098875775,2624.4882070781437,40498.27296779684,-1376.5158833660637,9391.077537548137,48512.83462197892
问题3_固定价_八时点代理,2025-03-18,76882.20704735864,66913.3652756537,473.9909662121598,10442.832737917084,1731.5346171275496,3418.9693342255237,46850.88443069991,-2938.351336308171,7679.245851029356,51591.778945421094
问题3_固定价_八时点代理,2025-03-19,63352.24657069852,64166.572105098865,1893.6061697302166,1079.2806353298647,1979.1711917613118,2614.4593183238653,38556.709834771085,903.4659315522865,7935.9967429448625,47396.17250926823
问题3_固定价_八时点代理,2025-03-20,71780.23837244675,65445.14858652686,287.11243126236053,6622.202217182247,2763.70710629088,1903.6123979268166,43519.652826607096,-1851.7019952837823,11254.591754185716,52922.54258550903
问题3_固定价_八时点代理,2025-03-21,30708.670245092122,30061.35190322951,45.96042076510503,693.2787626277135,1306.239690270636,16462.515893998658,15466.39710243412,-187.85888770460946,6543.343955840023,21821.882170569534
问题3_固定价_八时点代理,2025-03-22,31330.30963605522,29694.973851180315,24.204371162569487,1659.5401560374764,1862.2160872997372,12811.78187899694,15956.998199891092,-575.5330869621347,7228.531930897083,22609.99704382604
问题3_固定价_八时点代理,2025-03-23,72499.0611312177,64136.223595427255,154.49824816828826,8517.335783958746,1706.7536446289066,3090.0278603597194,43881.4587426418,-2758.014333665884,7645.910554106154,48769.35496308207
问题3_固定价_八时点代理,2025-03-24,68355.52714312586,62827.326070697134,147.43562392404942,5675.636696352778,1866.5894093925679,2554.8829180011476,40918.4983079224,-1548.6109573963645,7044.91670865317,46414.8040591792
问题3_固定价_八时点代理,2025-03-25,75726.09061653176,65222.18962347926,529.3570610449847,11033.258054097472,1846.5909172918464,2046.5085058649452,45806.3336014838,-2875.3030628582765,7671.913304271084,50602.94384289661
问题3_固定价_八时点代理,2025-03-26,65334.27001740441,60532.53973583009,603.2364468714335,5404.966728445748,2283.0469408330746,3159.1375080816015,39375.41647344914,-1056.7876277473931,9123.26354351254,47441.89238921429
问题3_固定价_八时点代理,2025-03-27,69145.98314880455,62504.283427524024,83.67244176300498,6725.372163043536,2466.3900616327023,2174.6067382686915,41819.589162986165,-2264.924862252861,10317.281607243036,49871.94590797634
问题3_固定价_八时点代理,2025-03-28,30705.384952488163,29724.66486430845,0.0,980.7200881797105,1574.3717995738257,17629.326206881433,15322.089552264393,-422.17199633695725,7246.573259078848,22146.490815006284
问题3_固定价_八时点代理,2025-03-29,28833.06954225706,28414.262263517077,370.5913618260585,789.3986405660407,1861.125773800935,19826.55919827234,14276.259355484426,215.09393012112258,8391.639296329915,22882.992581935465
问题3_固定价_八时点代理,2025-03-30,67221.41330760476,59241.89553850653,125.339715076201,8104.85748417444,1923.5086916860969,1759.124141768872,39995.801727560814,-2163.3181693510337,8229.412939409927,46061.89649761971
问题3_固定价_八时点代理,2025-03-31,58351.1101737907,61976.694995756385,3905.7039435940355,280.1191216283486,1220.2704700500194,2143.903132410349,35085.97030594003,2971.683590179675,5160.425319059042,43218.07921517874
问题3_固定价_八时点代理,2025-04-01,71149.55586339712,65362.97092227825,256.2137615264378,6042.798702645322,1203.596730972675,2420.1969298860545,42002.93277302362,-1519.7797804633929,5303.271860675859,45786.42485323608
问题3_固定价_八时点代理,2025-04-02,67601.84791122729,65488.84564149998,98.01101975927656,2211.0132894865887,1705.8886411562435,2766.0426275917775,40344.78873586923,-593.4517980665057,7709.49248096242,47460.82941876514
问题3_固定价_八时点代理,2025-04-03,68551.41825487211,60790.94447221934,110.58206996055378,7871.055852613335,1661.709502465576,2501.4700720199667,41564.227973260335,-2573.400106295516,6749.284734420815,45740.112601385634
问题3_固定价_八时点代理,2025-04-04,28061.452634314086,27193.81405403898,433.89289625723154,1301.5314765323376,1728.0344990561018,19760.88258308618,13858.974122050526,92.3151501621751,7614.855076845122,21566.144349057824
问题3_固定价_八时点代理,2025-04-05,27202.248487725738,28176.68819220618,1005.7939928525817,31.354288372139262,2252.3462130120784,15755.738136123124,13439.924653131482,1165.8748242913884,9804.249153575796,24410.048630998666
问题3_固定价_八时点代理,2025-04-06,64260.04271662678,59326.47916102499,419.075705261777,5352.63926086357,1684.4101868710468,2518.1913707098165,37656.88863085212,-1027.1353949744257,7289.249245010075,43919.00248088777
问题3_固定价_八时点代理,2025-04-07,56366.28438494831,57584.71158484931,1577.468073295865,359.0408733948651,1751.3674223050716,2168.422012704454,33317.15777380709,1203.8755601105152,7543.292519366785,42064.32585328439
问题3_固定价_八时点代理,2025-04-08,65206.35399182239,59408.59529430886,316.32513523633247,6114.083832749861,1642.0016491980148,2635.111786381681,38961.99773725263,-1351.690218209622,7234.1299123497665,44844.43743139278
问题3_固定价_八时点代理,2025-04-09,63683.91981360185,63114.96700801655,352.79744318339755,921.7502487686995,2070.320071706755,1970.4538848286938,37793.612052029894,-43.102273104653406,8441.359438481833,46191.869217407075
问题3_固定价_八时点代理,2025-04-10,61720.86172054262,58817.78346217155,464.3476918590583,3367.4259502301265,2294.5278753201114,2740.632611603139,37224.64938531145,-933.3870990177386,10136.310256373208,46427.57254266692
问题3_固定价_八时点代理,2025-04-11,25893.882022874906,25900.711801676633,908.3026636976772,901.4728848959496,2439.771307732457,20499.481716487207,12597.639864289296,831.8171209339092,10029.013396057799,23458.470381281004
问题3_固定价_八时点代理,2025-04-12,27145.870778409007,26049.93162466449,0.0,1095.9391537445217,1420.1074585665085,15922.975889412919,13611.665066748603,-406.46656158791916,5509.48000133909,18714.678506499775
问题3_固定价_八时点代理,2025-04-13,58787.94201783378,57479.84287349805,413.70180272654613,1721.8009470622815,2322.4526543273532,1605.6760324714087,34780.72801789967,-202.46872169180776,9845.556447051593,44423.81574325945
问题3_固定价_八时点代理,2025-04-14,62141.44234711934,54787.57678690335,99.71274548078418,7453.5783056967675,2866.2041393613977,1247.7365394947308,37202.33789050026,-2427.836044887837,11613.177386668207,46387.67923228063
问题3_固定价_八时点代理,2025-04-15,53587.5296592323,54699.76289144876,1572.319851123299,460.08661890684186,1638.7996603944196,2412.580437329686,31700.768269679113,1568.8905392967717,7065.4015216943135,40335.060330670196
问题3_固定价_八时点代理,2025-04-16,60324.15398119701,60166.70065441971,1709.4411030251179,1866.894429802424,1859.7698751880919,2355.001351712163,35106.95009027704,1200.6203700281492,7626.922094511608,43934.492554816796
问题3_固定价_八时点代理,2025-04-17,53703.698196044024,56907.045394329005,3521.1359275726472,317.7887292876683,1924.7808903992882,2209.9951662283393,32581.756682851552,2670.190691029266,8978.045917670981,44229.9932915518
问题3_固定价_八时点代理,2025-04-18,25739.233432863344,25444.561536883888,289.56783925238005,584.239735231833,2275.176587269746,18829.07277843023,12518.308763107505,-6.826594889308797,10188.01700015476,22699.499168372953
问题3_固定价_八时点代理,2025-04-19,25597.296687671947,25479.995500895755,112.57976647643555,229.8809532526264,1447.4721406611523,17591.084591615625,12208.575264554067,69.42627733412468,6141.398826468128,18419.40036835632
问题3_固定价_八时点代理,2025-04-20,55075.16210476496,56639.93850828198,2077.295401466188,512.5189979491706,1833.5595011255868,2445.391290812224,32814.40785802726,1223.340783415865,7276.548585412297,41314.29722685542
问题3_固定价_八时点代理,2025-04-21,58236.82197271672,53155.45778252901,4.034550859012143,5085.398741046727,2515.9080848855515,3613.945983383769,34359.5954995516,-1521.941063967043,10221.555962931327,43059.21039851589
问题3_固定价_八时点代理,2025-04-22,52946.7690570066,55180.93032466646,2537.999804806108,303.8385371462508,2541.3675725402777,1772.8002862408437,31256.949724175785,1967.083353701765,10400.887192739687,43624.92027061724
问题3_固定价_八时点代理,2025-04-23,50741.16978640917,55993.6771660717,5548.231017453768,295.723637791245,1714.6824585411814,2591.1339497568624,30248.87888912179,4491.161377827002,6519.851220224048,41259.89148717284
问题3_固定价_八时点代理,2025-04-24,51799.45127692041,52689.34340681045,1279.545699517935,389.65356962790116,2000.118341985058,3981.5825453172256,30924.269045228957,689.1641123211487,8402.157586928755,40015.59074447886
问题3_固定价_八时点代理,2025-04-25,24897.095831583567,24264.101154100368,492.47041066127986,1125.4650881444782,1860.8937764920597,21747.655933246468,12171.876798088979,150.61505851384146,7524.022151260836,19846.514007863658
问题3_固定价_八时点代理,2025-04-26,24762.666057437018,24599.738339535663,275.66463409224326,438.59235199359836,1699.0670571991523,23847.29670775644,12028.38610915624,77.37777158150988,7412.439862989079,19518.203743726826
问题3_固定价_八时点代理,2025-04-27,50481.59301882101,53351.46505903728,3404.021043829355,534.1490036130926,2285.9068258346238,3524.929904864855,30266.94371629515,3138.788456319876,9140.960935055358,42546.693107670384
问题3_固定价_八时点代理,2025-04-28,60740.15712999974,61111.30851034813,2609.7454739127443,2238.5940935643553,1428.5342485856809,2119.4223870152464,35476.15137180589,1237.0807988087658,6341.039312517894,43054.27148313255
问题3_固定价_八时点代理,2025-04-29,50843.294455354764,51793.285428645846,1372.2706623928398,422.2796891017562,2129.031714953712,2979.258353245629,30462.564904496896,1018.3291615631441,9350.131500101994,40831.02556616203
问题3_固定价_八时点代理,2025-04-30,49022.380305562336,49575.3141949115,1435.2125609593695,882.2786716102054,3409.0280118897213,1454.830208014137,29799.983297763934,784.0293222808941,13718.812732292945,44302.82535233777
问题3_固定价_八时点代理,2025-05-01,51179.0375102709,54243.57758977866,4189.090536680507,1124.550457172749,3921.1800085086306,3580.6282312461217,30985.937111900137,3814.1482471562135,17846.50100653165,52646.586365588
问题3_固定价_八时点代理,2025-05-02,25986.88883150871,26880.674418423918,1903.6923861617831,1009.9067992465743,2940.9026842664166,13000.015007958524,12861.490453059027,1919.3575896550874,13430.025944566369,28210.873987280484
问题3_固定价_八时点代理,2025-05-03,25225.978888158334,26488.83532881223,1760.6903927791386,497.8339521252412,2834.8834582925297,17976.971535559267,12118.601961287986,1706.538131008638,13525.916671359204,27351.05676365583
问题3_固定价_八时点代理,2025-05-04,54827.56750759174,53405.0071296657,1624.669266185091,3047.229644111135,4919.414157205126,3237.9034433498814,32422.496094629136,1003.8395579735633,20315.909774832664,53742.24542743536
问题3_固定价_八时点代理,2025-05-05,56251.99059999999,57938.27491274527,1738.8785348162428,52.594222070969636,3065.7808458968398,1977.1479479212971,33719.59170404958,1967.3643307488558,13567.28469044538,49254.24072524381
问题3_固定价_八时点代理,2025-05-06,49215.356213229024,54245.354206485186,5295.7841639339695,265.7861706778061,3701.3427821321534,1607.6383910940265,29515.827051181932,5570.825871833387,15929.202458792168,51015.85538180749
问题3_固定价_八时点代理,2025-05-07,52081.97219283788,57030.02522942496,5621.999750941413,673.9467143543371,3398.9923527163055,1702.3397693823827,31516.264170167637,4932.514860470075,15482.56159020691,51931.34062084462
问题3_固定价_八时点代理,2025-05-08,57374.2405102573,58904.83596901258,2847.430600583212,1316.8351418279392,2859.9036136367786,2363.7305715097573,33209.62981035826,2842.4006814361564,13549.787002417588,49601.817494212
问题3_固定价_八时点代理,2025-05-09,24324.310765212136,26603.469053863217,2290.227429626761,11.069140975679147,2554.063650558376,18204.326003052804,11522.563244479825,2659.722634922177,11867.225240744681,26049.511120146686
问题3_固定价_八时点代理,2025-05-10,24509.4266835287,25851.268850967477,1509.3858105453219,167.54364310654591,2913.306277436822,14217.997560906431,11624.32456120926,1681.6381221494735,13185.241287606857,26491.20397096559
问题3_固定价_八时点代理,2025-05-11,55051.107069202044,57873.96076774161,4162.064063460918,1339.2103649213514,2998.1695366444937,1761.3939234634104,31892.16916145253,3954.05901073668,14220.208223992617,50066.43639618182
问题3_固定价_八时点代理,2025-05-12,47335.51403160943,53981.42348960743,6645.909457997994,0.0,3015.0248887184343,1855.7793997745719,28310.199044050565,6161.167488747795,13662.753291545694,48134.11982434405
问题3_固定价_八时点代理,2025-05-13,57305.230039906455,55529.54369474594,2005.6041614398348,3781.290506600346,2934.9413914579454,1840.5743144985486,32849.80645856188,1866.6343863705467,13850.231069817337,48566.671914749764
问题3_固定价_八时点代理,2025-05-14,54617.218756484006,55888.504536062785,2887.850964655784,1616.5651850770048,2765.843376383845,2030.5154072253654,32502.460945774128,2118.454739237438,13000.967928624179,47621.88361363574
问题3_固定价_八时点代理,2025-05-15,53227.53896356388,55858.504768209445,4182.273238346651,1551.307433701081,2597.2555396474704,2097.695084616625,32586.050589517137,3006.6636153124296,10991.398657796624,46584.11286262619
问题3_固定价_八时点代理,2025-05-16,23981.505674005486,24779.30610749846,1419.4891954242391,621.6887619312641,2713.56616750351,22501.287418938144,11657.786225252006,1402.709798426375,11818.762957152838,24879.25898083122
问题3_固定价_八时点代理,2025-05-17,23756.708685285626,25453.458029738187,1961.5587611192307,264.80941666666786,2864.656692341714,15580.805814828478,11372.488276956847,2078.965292310469,13746.348645288655,27197.80221455597
问题3_固定价_八时点代理,2025-05-18,58238.34559377728,57638.34466525804,1400.3310616206945,2000.3319901399336,3048.314228862673,3334.088629580343,33704.0496841329,736.3258083880464,13061.63442973564,47502.00992225659
问题3_固定价_八时点代理,2025-05-19,51660.55012177481,52718.34688711236,1540.8477270336543,483.05096169610545,2361.5181244336663,4081.510232997222,30240.271502716543,1744.5751465851718,12182.473061378601,44167.31971068031
问题3_固定价_八时点代理,2025-05-20,51249.480508519126,57384.02149983316,6166.655197039025,32.11420572499103,2962.588020092855,2275.2753741310976,30346.630682977146,4911.937826014051,14670.097980380968,49928.66648937216
问题3_固定价_八时点代理,2025-05-21,47769.28064763671,53759.23905187628,6058.221385821328,68.26298158176368,2990.466289167519,2197.147074417897,28933.14312115205,5761.881871326708,14005.360928403405,48700.38592088216
问题3_固定价_八时点代理,2025-05-22,51333.28212053347,53796.502248761564,2941.2757582874683,478.05563005937097,2961.5184641250808,2460.642828582977,31015.61544658268,2002.5058899565654,13812.635526208827,46830.75686274807
问题3_固定价_八时点代理,2025-05-23,23733.884533196157,24768.55235679705,1054.988273600893,20.320449999999518,2693.2729059964454,18716.16948035144,11252.208874180089,1034.071622731053,12802.60891675878,25088.889413669924
问题3_固定价_八时点代理,2025-05-24,23926.24465897886,24701.281316890454,1198.1404265881135,423.1037686765214,2005.6934347970848,20677.950833441577,11553.589664600919,823.142535274104,10561.09309575754,22937.825295632563
问题3_固定价_八时点代理,2025-05-25,52094.5908822707,53537.13467772449,1920.142672055126,477.59887660133177,2175.45441475303,3753.372913083784,30523.12171081534,2231.3490235831805,10681.140903371197,43435.61163776972
问题3_固定价_八时点代理,2025-05-26,50037.39547856611,57315.26390017573,7502.117347692296,224.24892608267498,3417.652318876097,2731.357186333894,30051.31391106491,6387.514549658115,15355.078334360309,51793.906795083334
问题3_固定价_八时点代理,2025-05-27,47627.578527485035,52901.06565463993,5796.856351507487,523.36922435259,2859.4820523669514,3264.521660744669,28927.61809510382,4594.982768897975,14143.3954925856,47665.99635658739
问题3_固定价_八时点代理,2025-05-28,55101.9786782307,56472.373140251075,1503.1266668047374,132.73220478436608,2056.7024497905154,2488.9156100441833,32136.75997454112,1740.1626978559232,9325.853528691217,43202.776201088265
问题3_固定价_八时点代理,2025-05-29,54183.64279312883,58141.23200117431,4556.803930792852,599.2147227473682,2831.0538476891397,2971.0777540282247,32019.426870469422,3740.0216231467775,12569.809149208031,48329.25764282423
问题3_固定价_八时点代理,2025-05-30,24489.726233970152,25281.238135879972,952.5016895402757,160.9897876304555,2218.2423013525467,18624.867314997337,12032.810534561479,1070.088992182946,9043.15124004518,22146.050766789605
问题3_固定价_八时点代理,2025-05-31,26462.206453150324,25883.252048089675,802.0030389198455,1380.957443980498,2210.1525172429647,17299.150186654126,13280.01766306216,56.70229570015785,10360.080669210745,23696.800627973065
问题3_固定价_八时点代理,2025-06-01,69834.79772289206,72669.45679775144,5142.327738040293,2307.6686631809134,4995.791144708449,2374.8474717439376,41280.59084191994,5101.564445883329,20718.221961540028,67100.37724934329
问题3_固定价_八时点代理,2025-06-02,71434.02582983628,68262.38726700362,4622.608546454377,7794.247109287029,6353.878889530866,1717.4611232439463,42610.72733045277,3212.722426514345,24625.700644572087,70449.1504015392
问题3_固定价_八时点代理,2025-06-03,64802.66355348694,70947.98712790398,6533.327699033443,388.004124616409,4664.1406310777475,3278.4905120051026,38246.937099730625,7815.522211863705,17881.107285397586,63943.56659699192
问题3_固定价_八时点代理,2025-06-04,75601.25257096512,71852.68398402931,4829.76884394313,8578.33743087895,4500.51480351471,2455.441269805597,45359.0277110846,2757.9582030697725,17450.92086555064,65567.90677970501
问题3_固定价_八时点代理,2025-06-05,64820.70719597278,72085.20079793244,7825.564192413678,561.0705904540125,5464.2887183513785,2254.497147836582,37873.70688984449,9150.556639403267,21010.509251964606,68034.77278121236
问题3_固定价_八时点代理,2025-06-06,28116.347297664455,34422.8993868195,6306.552089155045,0.0,5185.6134916972105,6205.901957283292,14759.655133121407,7002.232705066314,19196.519984253384,40958.407822441106
问题3_固定价_八时点代理,2025-06-07,29757.351009608454,36246.496739234906,6724.009643547657,234.86391392120368,4374.704233721807,6965.447241041359,14742.15312716077,7414.0566988035325,16680.196819557445,38836.40664552175
问题3_固定价_八时点代理,2025-06-08,62863.66000725872,66292.85723385305,5867.413940419545,2438.2167138252107,5062.128693816026,2473.8726751388203,36965.74577140922,6567.554781272489,18559.773213050423,62093.07376573214
问题3_固定价_八时点代理,2025-06-09,71648.0710872974,73559.21314936933,4260.850898647259,2349.7088365753357,4227.8430511308825,2609.5456388025304,43178.77450830283,4429.210673362833,16783.485519607246,64391.47070127291
问题3_固定价_八时点代理,2025-06-10,65598.02450895443,72459.51129727425,7012.002563768558,150.51577544875022,5555.162029631865,2114.5169480217473,39031.98164601971,7747.7316258399505,20191.079903009657,66970.79317486932
问题3_固定价_八时点代理,2025-06-11,71399.8434486474,77822.07858379844,6532.146496742377,109.91136159133657,4937.168957606048,2185.2649950285554,43481.11750725842,7567.9578737586035,18874.9888645316,69924.06424554862
问题3_固定价_八时点代理,2025-06-12,69494.14005935955,74584.07322002514,5112.329341942024,22.3961812764324,3823.796278311679,1733.1969475207834,41876.02176104564,6023.64480045942,14749.650935791406,62649.31749729647
问题3_固定价_八时点代理,2025-06-13,27654.8608197274,33431.08529553373,5785.359502809322,9.135027002989034,4677.023189913436,7148.91319012568,14207.90096708096,6182.752775136032,17589.562193236987,37980.215935453976
问题3_固定价_八时点代理,2025-06-14,27497.184834676882,32234.76976314385,4737.584928466966,0.0,5118.914701016232,8694.181473544426,14387.873043451887,5444.564994451138,19249.073509666294,39081.51154756932
问题3_固定价_八时点代理,2025-06-15,64295.645537513905,72374.87253509763,8165.639058329555,86.41206074582806,4100.98947055697,1558.0020840950383,38763.35171318008,8186.447565615012,15599.605390340279,62549.40466913537
问题3_固定价_八时点代理,2025-06-16,67775.97196075098,74991.51278284838,7215.540822097407,0.0,4170.293460318227,2176.543518461527,40655.94706168338,7681.5116187112535,16448.173232258574,64785.6319126532
问题3_固定价_八时点代理,2025-06-17,69501.37376222979,77224.70408400716,7723.330321777372,0.0,3823.220815295387,1991.0817301274571,42102.01015610974,8133.59299727234,14669.758144511536,64905.361297893614
问题3_固定价_八时点代理,2025-06-18,70116.61542105276,73790.79180138651,4907.582182028902,1233.4058016951587,4160.030743032641,2919.476112014891,42094.72878763352,5127.347926691997,15915.580586049473,63137.65730037499
问题3_固定价_八时点代理,2025-06-19,65936.04276717153,70529.1359314503,6454.653096434837,1861.5599321560655,4328.046823051378,2342.644106778738,39372.26888786662,6527.521147579246,16886.07018479091,62785.860220236784
问题3_固定价_八时点代理,2025-06-20,28048.959448746977,31260.33416276936,3211.3747140223822,0.0,3156.6890804336354,9600.733524879644,14871.964137614355,3498.8457393039153,11985.42151676676,30356.23139368503
问题3_固定价_八时点代理,2025-06-21,28089.942064022285,30674.696989517917,2988.124230418437,403.3693049228047,3386.3160683029423,12300.735197265385,14681.241983619022,3018.2014288716764,12898.575476327294,30598.01888881799
问题3_固定价_八时点代理,2025-06-22,64613.477500516674,68650.17359665074,4802.46086332814,765.7647671940726,4269.36033718504,1710.4057603456622,38401.100699031806,5357.100385333451,16590.390099567667,60348.59118393292
问题3_固定价_八时点代理,2025-06-23,65784.31443247563,70691.07802069106,4906.763588215433,0.0,2766.119061868837,2269.218988759041,39840.220973364616,5593.562966064902,11338.970481296265,56772.75442072578
问题3_固定价_八时点代理,2025-06-24,77342.21030150611,78190.53027972415,3359.8955204821577,2511.57554226413,4259.052674139725,1664.2300035163712,47422.61697936662,2941.7120568661758,15750.671955074775,66115.00099130756
问题3_固定价_八时点代理,2025-06-25,68196.5505578249,74586.1696088022,6402.289929449522,12.67087847222217,3137.132494787257,3229.2666439026607,40603.9936991583,7221.4829218046,13411.86752068253,61237.34414164544
问题3_固定价_八时点代理,2025-06-26,64982.10031097764,70662.07183182081,5708.348403485103,28.3768826419398,3473.9499529808218,2628.588395419245,39717.29021193053,5230.920253716452,13212.725488223847,58160.93595387082
问题3_固定价_八时点代理,2025-06-27,30062.977779705197,31247.74008999579,2064.4048235292075,879.6425132386165,3630.1756564480106,12664.664784907402,16051.515475511516,1796.6644741176792,15197.409835739838,33045.58978536903
问题3_固定价_八时点代理,2025-06-28,28964.329408070775,30857.634721544204,2075.0838362673267,181.77852279390015,2662.21774180502,9318.866982696516,15572.085277032686,2207.647659625718,9181.578202477041,26961.311139135443
问题3_固定价_八时点代理,2025-06-29,65716.39290552036,71586.2636670658,5871.030406607046,1.159645061610263,3975.0790188081296,2189.9121936647475,39597.227271882446,5751.414918400759,14839.38479001537,60188.02698029858
问题3_固定价_八时点代理,2025-06-30,71553.46045605997,72997.70699748953,1528.790279976188,84.54373854662708,3073.2430651955865,2033.6576653239754,43509.571774445445,1882.6659268055014,11622.412626661935,57014.65032791288
问题3_固定价_八时点代理,2025-07-01,61754.82615963998,77919.82546703123,16164.999307391252,0.0,6918.715655305455,1845.3933365525122,37341.18756100995,17340.220695610904,23158.756739540877,77840.16499616174
问题3_固定价_八时点代理,2025-07-02,57602.492018194636,71751.2376323111,14148.74561411646,0.0,6505.866833340415,1333.5426299800688,35889.404079373686,13455.047847264901,23196.797707626807,72541.24963426539
问题3_固定价_八时点代理,2025-07-03,66265.2601214824,79097.16135633877,12831.901234856383,0.0,7024.498045479646,2207.9104524250024,40328.62113608099,13842.374804817928,24349.16573638175,78520.16167728067
问题3_固定价_八时点代理,2025-07-04,28191.41640207776,37272.49228014633,9081.075878068572,0.0,6416.160544277779,12264.542945334926,14850.773224840887,9765.205412240537,23229.20360835081,47845.18224543223
问题3_固定价_八时点代理,2025-07-05,29217.322267716834,37793.91606054777,8576.593792830929,0.0,7289.350102442081,13723.52342627855,15445.524638598947,9856.677351701168,25676.77256816886,50978.97455846897
问题3_固定价_八时点代理,2025-07-06,61612.338886431855,81637.05935880113,20024.720472369267,0.0,4657.410211252643,2109.539543710585,38530.28173259335,19601.20150781912,16438.91282197971,74570.39606239219
问题3_固定价_八时点代理,2025-07-07,62266.070154830464,73489.79468115527,11223.724526324799,0.0,5798.8095120610005,2102.0840923534583,38756.48478503292,10716.877205071823,20658.828340577853,70132.1903306826
问题3_固定价_八时点代理,2025-07-08,66895.15476587135,75436.22484780439,9041.870664855674,500.80058292262663,6013.990308642173,1754.2086490485033,41048.439042483464,10425.275859532803,21749.998768396596,73223.71367041286
问题3_固定价_八时点代理,2025-07-09,67091.2639495076,75722.23193513951,8640.594396347597,9.62641071567458,4785.015185017158,2380.477396360742,40890.446784705724,9670.782279739537,16978.247027210742,67539.476091656
问题3_固定价_八时点代理,2025-07-10,59792.03767233312,71263.91198895924,11471.87431662611,0.0,6833.996306209865,1131.1675179584656,37667.82407610659,11483.498576940248,22663.371572168402,71814.69422521524
问题3_固定价_八时点代理,2025-07-11,31451.180808679434,37837.38385450657,6386.203045827129,0.0,5546.230129828439,8208.21331073266,17470.095502441698,6450.7131023840875,19544.30644357417,43465.11504839995
问题3_固定价_八时点代理,2025-07-12,30680.462374752216,38624.45247111084,7943.990096358623,0.0,4952.225800233438,9961.77351752747,16603.375607487393,8303.89880969875,17375.200923729222,42282.47534091536
问题3_固定价_八时点代理,2025-07-13,66660.09292181372,69352.36356004288,4817.389795501233,2125.1191572720677,5359.5223156006805,1551.429385488596,42270.30885361957,4383.1327074928395,20206.943482453342,66860.38504356575
问题3_固定价_八时点代理,2025-07-14,62342.964788270445,70690.95718407385,8401.56310183655,53.57070603314219,5595.625127009709,764.2365000925154,38407.86314647707,9493.716714413153,20242.468494480243,68144.04835537047
问题3_固定价_八时点代理,2025-07-15,66565.24915228633,71702.138701793,5256.6618747431385,119.77232523646857,5927.243567931651,1262.3903819303287,41127.66681227058,5899.39131742854,22045.023926951497,69072.08205665063
问题3_固定价_八时点代理,2025-07-16,63752.177120205226,71314.59920235403,7562.42208214881,0.0,6614.94137090761,1856.9032435256759,40380.954407595,7525.479991955101,22374.989298431272,70281.42369798139
问题3_固定价_八时点代理,2025-07-17,61627.45561130813,72196.13003345013,10568.674422142,0.0,5777.636983871633,1169.5248810966827,38400.89871373565,10666.972159746161,20648.058771761473,69715.92964524329
问题3_固定价_八时点代理,2025-07-18,32612.031332527593,37155.67438687016,5022.376080403039,478.7330260604753,5739.982535959696,9127.114916549814,18510.98511177017,5073.605287620441,20831.356439536663,44415.94683892727
问题3_固定价_八时点代理,2025-07-19,33359.91161395437,37110.52398232595,4881.194846486575,1130.5824781150034,5123.082941301648,12655.807333666036,19119.240434649742,4915.092756810776,18303.531514803075,42337.864706263594
问题3_固定价_八时点代理,2025-07-20,67929.21922737936,73646.23837092369,6791.558715928211,1074.5395723838842,4709.880770264301,2280.1769964251084,41498.316255853315,6869.873780789636,17446.036576665574,65814.22661330852
问题3_固定价_八时点代理,2025-07-21,68507.18713645046,74163.88655242465,5835.99231953075,179.29290355655792,5335.566393784105,1489.0032326251871,42604.11693426391,6226.8819232142805,18667.936304250357,67498.93516172854
问题3_固定价_八时点代理,2025-07-22,65816.45201895027,76486.51938707179,10670.067368121532,0.0,4264.942795969437,2847.3755159111633,41248.23508574332,9661.018082271316,14471.800221998366,65381.053390013
问题3_固定价_八时点代理,2025-07-23,76726.27174483861,74828.81586684668,3115.794466645513,5013.250344637447,4889.046424830588,1437.1910079004522,47542.14196522021,2255.5933509190686,18245.77916496501,68043.51448110428
问题3_固定价_八时点代理,2025-07-24,75676.23616571177,75117.91741921823,2706.290535182867,3264.6092816764053,3966.1090048234746,1497.7286602806023,47452.306414381324,2049.159734501688,13138.543403642729,62640.00955252574
问题3_固定价_八时点代理,2025-07-25,33079.63117945488,36937.34784190587,3857.7166624509846,0.0,3896.857450661014,11914.385446938777,18881.587260421184,3928.240867891993,14389.049707307946,37198.877835621126
问题3_固定价_八时点代理,2025-07-26,33312.60339884479,38095.25899610526,4782.655597260473,0.0,3777.1436265727402,10857.261942075394,18565.09319635852,4793.208108956235,14183.870689961868,37542.17199527662
问题3_固定价_八时点代理,2025-07-27,68914.61316290463,75596.46853792698,7015.357509895002,333.50213487264784,4109.164230146705,1892.6726162125656,42391.04454000104,7617.590593809978,15041.897836597835,65050.53297040885
问题3_固定价_八时点代理,2025-07-28,71734.56070078714,78719.3807590691,7001.920375501983,17.100317220034185,5050.826747094163,1581.654983947469,44220.1236380976,7392.985741607221,18109.288877488132,69722.39825719295
问题3_固定价_八时点代理,2025-07-29,71666.43240122411,80563.92253891051,8927.455211104476,29.96507341807103,2799.9093266472596,3112.8424463361953,44958.00310758224,7794.449617591529,10682.083165490058,63434.53589066383
问题3_固定价_八时点代理,2025-07-30,65172.975101404074,77633.723628845,12460.748527440926,0.0,3314.600981610118,2661.4770064477193,41183.806878278454,11183.083671616327,12673.522254530973,65040.41280442575
问题3_固定价_八时点代理,2025-07-31,69335.44893805009,77990.77171548647,8655.322777436384,0.0,3177.556358418287,2188.9017336389074,43288.04497668222,8139.975227379006,11889.416319150012,63317.43652321124
问题3_固定价_八时点代理,2025-08-01,35995.3301621538,37307.19183666706,2236.8938923571454,925.0322178438897,3058.5271309706395,16731.972107874713,20954.87631030895,2055.923244358066,11136.842138433005,34147.64169310002
问题3_固定价_八时点代理,2025-08-02,36986.27215919824,38215.45354537544,1440.237759876579,211.05637369937725,3222.6488300869078,18064.013305550605,21576.426603198,1317.9067897792222,13237.55712183725,36131.89051481447
问题3_固定价_八时点代理,2025-08-03,60580.20194846766,64041.374747051705,3477.897395138323,16.724596554271443,3913.8980495617466,1653.7456248542105,38907.23148877112,3584.180483623391,15810.203720827869,58301.615693222375
问题3_固定价_八时点代理,2025-08-04,64139.46325551415,67513.74835080693,4394.288334857024,1020.0032395642447,4218.468014158937,2733.9064265254,41518.95493573136,3707.6480353080788,15974.5919699828,61201.19494102224
问题3_固定价_八时点代理,2025-08-05,66156.68096574458,68098.75687022523,2970.6469205211715,1028.571016040536,3050.3996114503484,2228.391126028954,42513.34282823527,1732.8213519424771,12182.031178576897,56428.19535875464
问题3_固定价_八时点代理,2025-08-06,73800.48018315433,71430.9194087703,476.37817854367677,2845.9389529277055,3650.8912655118215,3126.5337317373,47901.96551549143,-835.895032051058,14543.508495389053,61609.57897882943
问题3_固定价_八时点代理,2025-08-07,75429.79738291723,67229.16673024213,358.14072968253254,8558.771382357632,3311.315999991091,3508.8349010067186,46781.395419293076,-1972.453970047574,13376.495922326012,58185.43737157151
问题3_固定价_八时点代理,2025-08-08,38264.35228853691,37351.060320737146,95.34117226726556,1008.633140067027,2558.881067499147,21627.236420725665,22078.792199057945,-291.25229922221115,10870.094074068567,32657.633973904303
问题3_固定价_八时点代理,2025-08-09,38374.42137429047,37259.784159572795,125.15127567440892,1239.788490392087,2696.6767563665408,18557.04131502442,22454.51588029733,-432.5869219907262,10740.355119421714,32762.28407772832
问题3_固定价_八时点代理,2025-08-10,69055.3117099739,68002.72943545412,75.53162703628774,1128.1139015560793,2610.4176457813182,1688.1774192195937,44408.16278329417,-396.47975076179,9681.216304410616,53692.899336942995
问题3_固定价_八时点代理,2025-08-11,67663.62645706856,68524.90356595624,989.2287386121363,127.95162972446649,2876.1714085386693,2985.292526839988,42558.53648155312,866.1713845307047,11773.389836637027,55198.09770272086
问题3_固定价_八时点代理,2025-08-12,75621.8799061893,71914.0535742543,1.0010084386969403e-05,3707.826341945077,2299.4704680857717,2838.670385902468,47381.628915309775,-1015.6151858950512,9126.901018106379,55492.9147475211
问题3_固定价_八时点代理,2025-08-13,68092.98615468219,70358.54170932675,2857.1248014996227,591.569246855062,2566.8750750564864,3057.018836953268,42981.79770992312,1731.4472842455498,10897.554588629739,55610.79958279841
问题3_固定价_八时点代理,2025-08-14,69535.59696288123,71697.66308431161,3818.114932595548,1656.048811165175,2468.892435480452,4290.907431452062,44727.55740354741,2414.438495675367,10270.063018570965,57412.05891779374
问题3_固定价_八时点代理,2025-08-15,40073.78893963658,38047.99376299894,343.17427783022856,2368.9694544678646,2596.396347092456,20962.05643172707,23687.01730818217,-692.2669469919772,10239.028498906242,33233.778860096434
问题3_固定价_八时点代理,2025-08-16,41321.4205666312,37722.343136035204,360.10055533113194,3959.1779859271273,2010.7990606868395,20405.79708051483,25096.36945772355,-1327.3261408360115,8877.051184739115,32646.094501626656
问题3_固定价_八时点代理,2025-08-17,73019.57146529079,67321.28624817237,0.0,5698.285217118425,2881.536692804401,3394.6634521195633,45624.65657907264,-1467.9766214889978,12176.574000938444,56333.25395852209
问题3_固定价_八时点代理,2025-08-18,70622.0892397879,69903.45379514781,1527.347125730384,2245.9825703704773,2118.6475711845223,3620.957114905267,45092.68001249438,296.05211414464543,8781.654065762224,54170.386192401245
问题3_固定价_八时点代理,2025-08-19,70659.47449838943,70128.2070375589,1136.0741164298943,1667.341577260424,2149.4341999427015,4265.218560300455,45132.66914506458,-101.18557815047618,10329.529218173015,55361.01278508712
问题3_固定价_八时点代理,2025-08-20,79622.73355951832,74571.09967325059,885.1409968805776,5936.774883148322,2329.2010331077377,2182.97490857099,49437.344249488575,-583.8779090551707,9720.03562735583,58573.501967789234
问题3_固定价_八时点代理,2025-08-21,75320.97174069531,69176.78692026342,1.313594435183711e-05,6144.184833567838,2409.057378887317,2046.1255644811808,47237.083316929275,-1933.177118938023,10417.659498825331,55721.565696816586
问题3_固定价_八时点代理,2025-08-22,40341.471369876126,38829.981079205914,309.2874769181026,1820.7777675883162,2431.155005707406,17547.07156039053,23885.392312229,-423.2667028172584,10179.030693204779,33641.156302616524
问题3_固定价_八时点代理,2025-08-23,39583.67224343647,38639.1191528997,176.4734181744247,1121.026508711202,1863.0800024810976,15408.696338472455,22952.887145519908,-92.97293743410285,7271.916936382233,30131.83114446804
问题3_固定价_八时点代理,2025-08-24,70366.66197406306,67985.74378152641,284.26285709434364,2665.1810496309818,2763.9564635575675,3090.7366878649727,45476.1880648548,-822.7830065712673,11694.824860415898,56348.22991869943
问题3_固定价_八时点代理,2025-08-25,92724.07955029627,75696.90584071187,0.0,17027.1737095844,1869.0227945468914,2818.801809230641,58636.10972963026,-5648.105105725741,7806.542044953326,60794.546668857845
问题3_固定价_八时点代理,2025-08-26,72462.98874788334,70662.15889720111,2016.0995615095846,3816.92941219182,1871.0121471069974,3049.8008513262266,46974.20975884535,18.430941314657318,7509.245344594148,54501.88604475415
问题3_固定价_八时点代理,2025-08-27,73900.90669279835,74145.19520076648,1812.5316106308064,1568.2431026626844,1426.6566578152674,3804.815256263354,47313.780311801514,876.4673219034963,6880.934674379521,55071.182308084535
问题3_固定价_八时点代理,2025-08-28,72800.91334866906,75223.30799944278,3075.333273966378,652.9386231926507,2340.342024269075,2775.3380194678184,45749.670673362976,2387.9099181806732,9943.746238324073,58081.32682986772
问题3_固定价_八时点代理,2025-08-29,43151.11870077529,39909.43686831834,226.89661505968417,3468.5784475166297,1680.7404507415604,16333.255381548632,25692.241449194178,-1119.2718301463772,7160.111862286117,31733.081481333917
问题3_固定价_八时点代理,2025-08-30,42153.81885549118,39487.654692351134,37.119576480760685,2703.2837396208092,1697.346155252004,20073.485146343086,25144.133646303668,-1087.5179996314912,7125.109211230056,31181.724857902234
问题3_固定价_八时点代理,2025-08-31,71993.0355091691,71949.64485249307,2341.5073623197236,2384.8980189957533,2773.250436444911,4122.185723617186,46433.199729502594,706.5302918342288,11170.782659628945,58310.51268096577
问题3_固定价_八时点代理,2025-09-01,82239.58959348738,63773.35607151062,0.0,18466.233521976756,1062.6783622116109,7746.345735807495,51370.05374837518,-6146.569390365824,4011.245587995217,49234.729946004576
问题3_固定价_八时点代理,2025-09-02,72551.7349024269,64132.21288317515,2325.8607393153843,10745.382758567152,1463.6394334948827,7529.13855656794,45809.23050593616,-2268.5960734226383,5807.14388966828,49347.7783221818
问题3_固定价_八时点代理,2025-09-03,77338.25723220018,63377.79886169238,0.0,13960.4583705078,1589.294525714235,5956.127240564197,48924.805670998685,-4762.508791895985,6221.055967894748,50383.35284699745
问题3_固定价_八时点代理,2025-09-04,75146.83871659024,63173.218517609064,0.0,11973.620198981174,1543.365694519399,7007.800582240203,48390.27487677872,-4437.137542398081,6033.7874310696,49986.92476545023
问题3_固定价_八时点代理,2025-09-05,41647.44452433556,32750.723794327325,328.8527202039685,9225.573450212203,1217.7678665166918,24668.43779067862,24895.375726275994,-3233.7627025057054,4783.747343897079,26445.360367667367
问题3_固定价_八时点代理,2025-09-06,41703.20857528808,32805.07121587514,402.6280776610645,9300.765437074002,1424.7043665951096,23994.68016986053,24817.204233234585,-3059.502122716703,5203.7133995585355,26961.41551007642
问题3_固定价_八时点代理,2025-09-07,71951.59556161055,65278.40889222303,3676.0874860379054,10349.274155425432,1150.3169095974463,7562.094994010637,46082.94550305175,-1148.1718785981936,4399.618784342403,49334.39240879596
问题3_固定价_八时点代理,2025-09-08,80135.12700710454,68488.0706225705,0.0,11647.056384534037,1600.0381575168133,6676.926447924137,50376.377332562464,-4077.8690125077183,5439.575474924303,51738.08379497905
问题3_固定价_八时点代理,2025-09-09,69003.33223397902,62371.32970859418,1505.8098074772165,8137.812332862059,1616.1148745914888,7115.837154528948,44523.333478476736,-1902.5972544728547,6210.708570316046,48831.44479431993
问题3_固定价_八时点代理,2025-09-10,81756.41007440448,70269.57842384328,0.0,11486.831650561202,1317.624741799559,6059.3307522871655,51431.518369009296,-4268.501878347714,5915.743731734134,53078.760222395715
问题3_固定价_八时点代理,2025-09-11,80741.47456871887,62355.74949608702,0.0,18385.725072631853,1653.4985917758822,6715.625878018419,51430.20880751127,-6261.987853608548,7009.3803506268605,52177.60130452958
问题3_固定价_八时点代理,2025-09-12,42247.236865046594,33331.84203915639,177.53909054562806,9092.933916435824,1255.3557925985601,20365.862304409296,25108.87942585652,-3327.3937284293715,4341.240735464255,26122.726432891403
问题3_固定价_八时点代理,2025-09-13,42004.23400117821,33862.320772302985,453.05312268350065,8594.966351558725,1393.2357528851446,24630.077503354947,24972.03805872193,-2651.2939999039895,4519.929838898147,26840.673897716086
问题3_固定价_八时点代理,2025-09-14,85259.08879959329,69349.10994794239,0.0,15909.97885165089,1611.9405501482079,6703.805700429473,54477.007149070094,-5888.869036856569,4863.974578581329,53452.11269079485
问题3_固定价_八时点代理,2025-09-15,70282.75546712358,63326.21500604105,1571.2576203452786,8527.798081427809,1828.3688707595797,6139.125273620694,45421.15325936191,-1885.475081433679,7837.509535675725,51373.187713603955
问题3_固定价_八时点代理,2025-09-16,84160.61692677552,69169.29951042998,0.0,14991.317416345537,1143.8450576078567,6727.081348306805,53046.97264177081,-5315.210984535455,3894.6093290846266,51626.37098631998
问题3_固定价_八时点代理,2025-09-17,79795.28297408616,67948.01752541565,118.82473159289037,11966.090180263402,1354.0887420504846,5221.152167118928,51239.74898869563,-4506.623551941248,5029.486523854793,51762.611960609174
问题3_固定价_八时点代理,2025-09-18,71641.75709330097,68530.3629221243,6005.805563208786,9117.199734385458,1561.0471943793657,7139.75623661156,46283.77303371145,1476.8137628667146,5660.242785028564,53420.829581606726
问题3_固定价_八时点代理,2025-09-19,42173.4149644752,34136.37259368155,313.11951243597423,8350.16188322963,1249.6605552700803,16633.695553421127,25273.597188837975,-2861.7553069289957,4320.303851513996,26732.145733422974
问题3_固定价_八时点代理,2025-09-20,42486.71006702387,34425.39178185349,200.1102274399003,8261.428512610279,1633.168766018402,17750.255230328126,25459.097464479328,-2939.4774559673524,5872.26284582426,28391.882854336236
问题3_固定价_八时点代理,2025-09-21,79134.328114766,69145.45638234259,0.0,9988.871732423408,1272.0083964380433,8305.256226194764,50306.977378190335,-3712.6851122403614,3910.1783644805023,50504.47063043047
问题3_固定价_八时点代理,2025-09-22,82632.27548465523,68018.81536007173,0.0,14613.460124583491,1632.5580172602454,4911.772336598725,52787.17569899338,-5400.688735199594,5873.80898791144,53260.29595170522
问题3_固定价_八时点代理,2025-09-23,80255.8970651049,71354.41316716342,502.87957944242015,9404.363477383902,1158.2601713780575,6197.359682342046,51053.05242037827,-2798.906967201876,4367.733775593519,52621.87922876991
问题3_固定价_八时点代理,2025-09-24,70384.31376871678,68419.18309778704,4399.250850351239,6364.381521280965,1748.9015978295395,5049.317437462529,45558.0693918618,402.9080102186199,6308.461750062417,52269.43915214283
问题3_固定价_八时点代理,2025-09-25,76590.45704015337,69955.31062661337,1295.3186826531742,7930.465096193185,1702.3733039229794,7208.083001507493,48972.292622013556,-2158.9430214726353,6186.983380865001,53000.33298140592
问题3_固定价_八时点代理,2025-09-26,42736.02980297839,33707.46531386434,294.91882595816514,9323.483315072212,1124.3911339165102,14405.487248972624,25634.85647734242,-3262.0783269389485,3293.336777408386,25666.114927811854
问题3_固定价_八时点代理,2025-09-27,41383.81369443498,35014.80829896849,409.75233098915385,6778.757726455646,1524.288827442264,16041.380846451786,24573.445698486838,-2041.1827553897067,4789.316949515584,27321.579892612714
问题3_固定价_八时点代理,2025-09-28,76738.37506003492,73152.53661500395,2351.220308183918,5937.0587532148875,1188.4941215797498,6700.386186304919,48976.15942611873,-540.2869963865917,3779.0428365154453,52214.915266247575
问题3_固定价_八时点代理,2025-09-29,76382.79223904577,68061.11878078182,420.76355608087545,8742.437014344814,2052.2786915961383,3254.0233589447125,48487.808430282355,-2676.1212922668037,8049.5708798172045,53861.258017832755
问题3_固定价_八时点代理,2025-09-30,74583.25888295006,72414.01806735735,2391.1108655610246,4560.351681153748,1352.4753951338935,4005.648094465813,47742.81201277181,414.0388052631736,5131.169584390748,53288.020402425725
问题3_固定价_八时点代理,2025-10-01,70908.58670701674,60719.59835930304,0.0,10188.988347713703,853.1230977681731,7905.701283904404,44762.334726750414,-3558.1914636643114,2513.7754150457367,43717.918678131835
问题3_固定价_八时点代理,2025-10-02,77678.02267859215,60441.279505349296,157.18967982570712,17393.93285306856,1278.3362993967366,5926.645161696864,49317.17198035331,-5906.510044028443,4653.07145167859,48063.73338800346
问题3_固定价_八时点代理,2025-10-03,36853.941718032984,31373.90260129835,220.26032604445206,5700.29944277909,912.9360189998881,21736.38679843669,21105.328127842142,-1931.936319948239,3122.8853965327935,22296.277204426697
问题3_固定价_八时点代理,2025-10-04,38970.87157722913,31712.628868262476,0.0,7258.242708966655,1685.3240783457456,17486.192052102688,22591.36379435351,-2859.033497087578,5862.925379038942,25595.255676304874
问题3_固定价_八时点代理,2025-10-05,76704.57528009125,62022.639621287555,99.5042720250415,14781.439930828736,1402.3631949121223,4595.08275521606,48263.71950564443,-4886.790711035805,4691.249188748733,48068.17798335736
问题3_固定价_八时点代理,2025-10-06,63060.17379305831,63147.95827111774,2912.722651069314,2824.938173009881,1210.68440628961,2561.2418846078253,39914.0633957555,1033.0352941222072,4248.945784927445,45196.044474805145
问题3_固定价_八时点代理,2025-10-07,66472.13530654379,64873.2799465142,1244.2003980475242,2843.0557580771037,785.4783450393506,3793.2878516420747,41555.68970237299,49.47519648899087,2867.1813080559505,44472.34620691794
问题3_固定价_八时点代理,2025-10-08,64136.72045657361,61911.751603231285,1560.8669214104543,3785.8357747527753,1724.6693005619895,3104.591906692926,40271.87121751271,-245.8188964406662,6658.469086616142,46684.52140768818
问题3_固定价_八时点代理,2025-10-09,73923.1497006459,60653.452760011976,268.1667649785899,13537.863705612506,1570.8460375406703,2405.3693054139635,46393.412643217576,-4070.3211133961977,6429.596967581725,48752.688497403105
问题3_固定价_八时点代理,2025-10-10,35224.00111523779,31603.000294596382,0.0,3621.0008206414086,1509.3928569891964,20908.925762431292,19746.816459747035,-1405.1356707973155,5782.524195082459,24124.20498403218
问题3_固定价_八时点代理,2025-10-11,35552.93696886707,31647.31759629643,0.0,3905.6193725706394,1112.551548270709,15716.335488435205,19908.307285327006,-1657.9344962856874,4281.166828643041,22531.53961768436
问题3_固定价_八时点代理,2025-10-12,67490.092470629,65059.91069726426,1498.9164753852476,3929.098248749982,1521.8793519025476,4193.98104751645,42041.66966096827,-276.75287509793964,6175.471839065928,47940.388624936255
问题3_固定价_八时点代理,2025-10-13,68764.35018268302,62543.71364978735,897.8684285760978,7118.5049614717655,1614.6953748518017,3077.680400976782,42772.67304641733,-1168.1459775739397,6004.2386417818425,47608.76571062523
问题3_固定价_八时点代理,2025-10-14,72055.2527840331,65544.03649276448,1123.4767091694487,7634.693000438057,1848.7818259812584,2538.2580811735124,45163.13517114669,-1124.4693765096752,6219.461967247117,50258.127761884134
问题3_固定价_八时点代理,2025-10-15,74306.15977006123,66526.71220206657,224.8034705267401,8004.251038521403,1726.8510169704573,2209.6985608820964,46420.60924501207,-2532.0008352365558,6108.541539416253,49997.14994919177
问题3_固定价_八时点代理,2025-10-16,70236.36147332445,68341.22794454916,1057.9046276631416,2953.0381564384297,1580.9439309434927,2753.58477243393,44203.445224541254,94.91055725696454,6111.165772063812,50409.52155386203
问题3_固定价_八时点代理,2025-10-17,32730.287088492893,31570.702543796055,460.0231619502895,1619.6077066471262,905.7975986635788,13570.39156966834,17811.16040711563,-176.2279416612331,3303.81533890775,20938.747804362145
问题3_固定价_八时点代理,2025-10-18,35315.73975865985,31402.482294535766,162.41921607647043,4075.676680200554,1225.889839177534,13638.077924624968,19974.365341806875,-1519.035430048266,4286.709486950122,22742.03939870873
问题3_固定价_八时点代理,2025-10-19,71934.50517075187,68234.5934396146,1005.0878623073803,4704.9995934446415,1956.4284283725228,2099.433031635974,45349.27945370945,-877.0003795980356,7591.627698154329,52063.90677226574
问题3_固定价_八时点代理,2025-10-20,75665.12209649874,70199.04335492931,542.2782034988317,6008.356945068272,1316.4264576550977,2914.2355892308015,47803.74825561877,-1606.4410583438923,4985.807520246745,51183.114717521625
问题3_固定价_八时点代理,2025-10-21,74723.22071616405,72063.11464375681,1104.8365918887775,3764.9426642960257,1287.9883231193583,2659.3717717769855,46857.79860290216,-103.24640606576284,4410.116841008626,51164.66903784502
问题3_固定价_八时点代理,2025-10-22,71032.61886302037,69923.1442224402,1433.2196105909698,2542.694251171145,1593.8567103650562,1728.9916614882604,44632.043472223086,117.85028994655399,6226.0351550738,50975.928917243444
问题3_固定价_八时点代理,2025-10-23,81477.60194418496,67145.6145853024,227.18257204594815,14559.169930928503,2068.0567169985425,1678.308409347916,51006.323928257654,-4344.106623400703,7453.6311550784885,54115.84845993544
问题3_固定价_八时点代理,2025-10-24,33917.618228211046,32169.02647387954,142.81220472767785,1891.4039590591792,1546.238318011186,12229.271264594443,18506.080303762297,-665.9403003502163,5828.378738696029,23668.51874210811
问题3_固定价_八时点代理,2025-10-25,33987.54844606095,32418.44882025034,130.12933941127554,1699.2289652218851,1293.6507311605974,11278.704957633976,18590.339614988643,-658.5671666928308,4797.119835112923,22728.892283408735
问题3_固定价_八时点代理,2025-10-26,75840.9416050269,68275.16255747844,424.34048725863886,7990.119534807102,2183.0370085353215,1733.2770150468539,47439.09973661361,-2184.0521845829057,7761.32259008048,53016.37014211118
问题3_固定价_八时点代理,2025-10-27,68718.89635709679,70126.77650202665,2471.2073427008545,1063.3271977709862,1607.3719116471352,3957.4993328318533,43321.84414451602,1708.800255910708,5726.754444030115,50757.39884445684
问题3_固定价_八时点代理,2025-10-28,68921.17114240337,71072.60918355301,3344.236699726605,1192.7986585769743,1604.9991561484533,2518.2550272789567,43545.0689750325,2191.7324091979585,5962.358663156312,51699.160047386766
问题3_固定价_八时点代理,2025-10-29,76345.50453569932,75211.14825018056,840.7644977973737,1975.1207833161382,968.5111603830396,2433.4453651100785,47321.41471303521,368.48148013375607,3396.441521827163,51086.33771499613
问题3_固定价_八时点代理,2025-10-30,67001.3149767005,68208.06478151548,2585.4647096887397,1378.7149048737442,2198.9097821141227,1451.244441239994,41971.68076067531,1828.666623374044,8367.88476405337,52168.23214810272
问题3_固定价_八时点代理,2025-10-31,34773.063680618194,32774.95293378408,121.25243925190392,2119.363186086017,1234.1551676220813,6978.901099884629,18994.88679889954,-685.8090157038654,4873.508744552345,23182.586527748022
问题3_固定价_八时点代理,2025-11-01,33938.066593865995,32879.542079855055,247.211494976196,1305.7360089871356,1411.2757723295053,8618.062902069469,18281.838561191125,-354.61743367822993,4919.210887915535,22846.43201542843
问题3_固定价_八时点代理,2025-11-02,73313.53663367937,74120.3730090679,2690.698305747432,1883.8619303588907,1677.01533995583,2503.9228847273916,45968.08078821293,1667.0043355973226,6547.9350588190655,54183.02018262932
问题3_固定价_八时点代理,2025-11-03,78413.5488109004,73934.24552920797,746.3819796280548,5225.685261320493,1847.6587632325445,2037.0516065785578,48701.777578393936,-815.1353054711557,6685.872074588675,54572.51434751145
问题3_固定价_八时点代理,2025-11-04,72527.6415746415,72611.2512350679,1256.4052856589342,1172.7956252325273,1867.2879401171415,2570.1643407050688,45196.95744406276,681.1824067247286,7175.785109479817,53053.92496026731
问题3_固定价_八时点代理,2025-11-05,79993.29083492635,73894.39654179437,535.511470096447,6634.405763228421,1871.4705614367049,1746.4181412601679,49717.53497407045,-1570.4063939015123,7273.734996353342,55420.86357652228
问题3_固定价_八时点代理,2025-11-06,74771.69950316181,75767.79519431553,2010.1929766533694,1014.097285499659,2115.19478988145,2133.656234459097,46285.430270704426,2005.3726470494598,8175.301178015782,56466.10409576967
问题3_固定价_八时点代理,2025-11-07,33668.69656155753,33718.27994545643,529.8842095502623,480.3008256513627,1531.457669880753,8621.775340189599,17686.07853127746,289.90135667632836,6289.709592898406,24265.689480852194
问题3_固定价_八时点代理,2025-11-08,33983.48638362052,33659.77763455938,462.3199689410238,786.02871800216,1520.9984563514897,8238.619074377191,17993.87466628005,-44.24445302532146,6202.131179270565,24151.76139252529
问题3_固定价_八时点代理,2025-11-09,77069.10261828572,76199.13998494403,450.3187717952542,1320.2814051369378,1673.2302338669829,2030.2545300976951,47940.89760115018,75.84396467188348,6449.640162738582,54466.38172856065
问题3_固定价_八时点代理,2025-11-10,77890.23790295431,79341.10552009015,3181.3553887991857,1730.487771663354,1955.0187832936697,2947.9918360329084,48583.088673606624,2749.880590282952,7564.44560480382,58897.41486869339
问题3_固定价_八时点代理,2025-11-11,79981.82597473288,76028.35144534214,314.54315075850144,4268.01768014926,1635.6486440079507,1689.0021686528376,50180.03224972938,-1201.973215304948,6596.936886839787,55574.99592126422
问题3_固定价_八时点代理,2025-11-12,76265.750149501,77069.11569893804,2054.253309004588,1250.8877595675335,1520.9733729407728,3188.174157817695,47290.42914430417,1804.2892096437563,6584.907341025843,55679.62569497377
问题3_固定价_八时点代理,2025-11-13,73880.46971410731,76786.32046883662,2950.106557779484,44.255803050169334,1864.5308749847122,1885.5657538767107,46071.8697956775,2804.216503710253,6966.387675702953,55842.4739750907
问题3_固定价_八时点代理,2025-11-14,34105.45649178504,35592.73356497948,2041.725712657803,554.4486394633616,1693.7366249553145,6415.83282996702,18139.920250336414,1169.6869902357428,6580.089606819593,25889.69684739175
问题3_固定价_八时点代理,2025-11-15,35836.0669022875,34766.281798673714,24.77270001671344,1094.557803630503,1483.7454231401034,4667.197633972011,18974.228400608914,-365.31736080622693,6114.7922526599905,24723.703292462676
问题3_固定价_八时点代理,2025-11-16,76728.72202078783,78919.77169764884,2400.0426420948597,208.9929652338319,2111.639667299322,2174.785523826707,47757.555754971036,3086.341803071285,8259.118500383427,59103.01605842575
问题3_固定价_八时点代理,2025-11-17,73598.46109683545,78352.11937927823,4956.1338755422785,202.4755930995144,1549.0663624630606,2868.289226892832,46005.85891234173,4948.604317876692,5781.3932826887585,56735.85651290718
问题3_固定价_八时点代理,2025-11-18,77587.2197315836,79634.5121572095,2390.6649092461244,343.3724836202251,1650.048128120346,1844.1825761625787,48236.083684674406,2725.442436897413,6238.05660093832,57199.58272251014
问题3_固定价_八时点代理,2025-11-19,76441.74067997193,81197.84132820813,4841.9479824949,85.84733425870331,1396.8710058089875,2703.2866270992135,47451.1327059251,5189.787453868948,5440.2918809398325,58081.21204073388
问题3_固定价_八时点代理,2025-11-20,76167.30741882033,79407.37406540719,3376.5219688823986,136.45532229554442,1658.348746589172,1701.229936921603,47253.33334523427,3709.4818175515607,6702.771774067395,57665.58693685323
问题3_固定价_八时点代理,2025-11-21,34474.4002908126,34358.3647844797,346.06057888818657,462.0960852210859,1698.8643553631764,3775.0049965898725,18240.134622401518,75.65796084434385,6279.349879711657,24595.14246295752
问题3_固定价_八时点代理,2025-11-22,36948.46647577792,35702.294514766196,6.047391533338047,1252.2193525450612,1978.4974323011618,3982.3332168834827,19327.492901615242,-369.7724440954841,7214.413034536924,26172.133492056684
问题3_固定价_八时点代理,2025-11-23,76871.23108953974,79787.2823684963,3293.9272003348,377.8759213782373,1670.0699124038742,1738.1497295924796,47907.4948275176,3677.146665987993,6202.215006156624,57786.85649966222
问题3_固定价_八时点代理,2025-11-24,75933.56196534364,77607.6074580821,1730.8052265379815,56.75973379953041,2108.104190437673,1068.7327342608155,47339.06552338846,1798.2786982390055,8231.083999805676,57368.42822143315
问题3_固定价_八时点代理,2025-11-25,87111.37092532199,80668.41643978309,9.400223710136288,6452.354709249029,1635.3622482519825,1602.2774597712319,55087.61569851012,-2325.6462553581323,6382.779120154488,59144.74856330647
问题3_固定价_八时点代理,2025-11-26,81934.06081599132,81982.2482821905,1618.0901554310826,1569.9026892319043,1889.264251255625,2499.3518453878323,51143.772391013306,1400.383209903538,7600.6764861449055,60144.832087061746
问题3_固定价_八时点代理,2025-11-27,79345.11999952301,81658.57831965183,2493.372863287301,179.91454315848057,1434.529064685668,2766.335145218379,49569.48119935293,2877.745088106803,5517.943157257694,57965.16944471742
问题3_固定价_八时点代理,2025-11-28,35224.38896312216,35104.90379516167,583.3917948093042,702.876962769797,2059.890109550794,2740.0976961561364,18596.773497549362,391.7164205885194,8019.541485382018,27008.0314035199
问题3_固定价_八时点代理,2025-11-29,43686.57199927519,38738.7809576406,0.0,4947.79104163459,1672.6701792298727,2037.9191331350871,22567.963896991314,-1332.5491554273121,6640.64939783676,27876.06413940076
问题3_固定价_八时点代理,2025-11-30,82537.4464828071,85675.48683904731,3313.4380230613915,175.3976668211967,1294.7931026523815,2031.3966153461984,51593.32470768561,3912.973740424538,5101.517016149852,60607.81546426
问题3_固定价_八时点代理,2025-12-01,86077.86161561879,88718.30309215447,2949.6305555115746,309.18907897589725,3643.562126107927,1293.629271034185,54650.5775704196,3010.1446472646267,12249.979507110402,69910.70172479462
问题3_固定价_八时点代理,2025-12-02,89231.97698255091,92034.90132247093,3733.2724542189403,930.3481142989214,3036.9686698274204,1687.4951783254403,56403.60632997277,4381.657111281768,10312.37671068034,71097.64015193487
问题3_固定价_八时点代理,2025-12-03,79222.7506168337,90656.79878112744,11507.694888104066,73.64672381032267,2759.4606379423503,1461.363920872164,49705.932468461535,12121.585754633008,8242.607305067091,70070.12552816163
问题3_固定价_八时点代理,2025-12-04,86773.64575382616,89913.38696007058,4413.2133508948555,1273.4721446504348,3301.2584042930175,1700.3294178185565,55177.91294236828,5140.693131390787,10887.663813402874,71206.26988716195
问题3_固定价_八时点代理,2025-12-05,38407.70074798547,44977.25744765503,6572.385342455534,2.828642785976342,2722.554833585989,2314.46761977935,20092.16018209176,5152.498414711505,8574.498360312862,33819.15695711612
问题3_固定价_八时点代理,2025-12-06,41223.378651471816,46214.48585252633,4991.107201054518,0.0,2936.1539857966745,1473.9723965620822,21527.334840210187,3943.8388112902508,9176.869109374344,34648.042760874785
问题3_固定价_八时点代理,2025-12-07,89527.61108015726,90704.04213335479,2551.4466793405495,1375.015626143027,3489.037205688705,1734.4715369410178,56846.82666483212,2647.21345456288,11391.3651934097,70885.40531280471
问题3_固定价_八时点代理,2025-12-08,89348.48027241456,93072.98663511455,3839.673689383997,115.16732668400505,2473.499529227406,2877.841374129521,56657.57500366605,4303.046272397407,7887.091112795095,68847.71238885855
问题3_固定价_八时点代理,2025-12-09,88411.69700824957,91076.13583621797,3341.063659949376,676.6248319809708,2828.9636817389564,1711.4055464526764,56023.919231581036,3970.618049993753,9926.482230704143,69921.01951227893
问题3_固定价_八时点代理,2025-12-10,84552.57731433827,91750.4245616512,7352.45973681615,154.61248950322272,2984.7198619126593,1534.6303736082205,53411.97860123653,8047.292728142037,9079.864482107901,70539.13581148647
问题3_固定价_八时点代理,2025-12-11,87637.26352547928,89628.7241519736,2798.6958590681966,807.2352325738887,2597.3153961005905,1566.667769675928,55418.833531868455,3314.8809133023715,8445.06025913231,67178.77470430314
问题3_固定价_八时点代理,2025-12-12,40301.001909752595,47746.91517348303,7445.913263730431,0.0,2385.05189046819,2348.3515208562976,20934.15124295662,5879.1224955901425,7206.148602310483,34019.42234085724
问题3_固定价_八时点代理,2025-12-13,41539.04959481879,47054.534646491964,5700.14486320885,184.65981153567125,2456.586791040374,1753.1524237897065,21482.459896106575,4708.634658908819,8302.127752660666,34493.22230767606
问题3_固定价_八时点代理,2025-12-14,83451.82596209922,92700.08546557689,9248.25950347767,0.0,2658.1129717108934,1750.5398803617459,52620.178252355545,10018.655029266962,9018.585757647461,71657.41903926997
问题3_固定价_八时点代理,2025-12-15,83734.69017246811,93040.94566377877,9306.255491310654,0.0,2852.4413217398806,1666.9154287779875,52696.48782352135,10235.479690469358,9545.049305921742,72477.01681991245
问题3_固定价_八时点代理,2025-12-16,88809.89085122575,92844.24015252071,4507.056095426566,472.70679413159394,2579.2817881738215,1250.2663625292014,56569.174309998394,4791.62115705276,8117.598400049178,69478.39386710033
问题3_固定价_八时点代理,2025-12-17,89544.8075246499,91651.65024085829,2539.1253792752896,432.28266306691796,2653.420538439334,1388.3660903675773,56800.63576849631,2993.9444016099337,8294.258674054277,68088.83884416052
问题3_固定价_八时点代理,2025-12-18,84799.77818059786,91355.90033687824,6603.247613219903,47.12545693951796,2535.366787761007,1747.9294953778012,53841.875225801465,7515.286873928267,7652.032850324397,69009.19495005412
问题3_固定价_八时点代理,2025-12-19,38432.86637673542,45446.50424548634,7031.582696110472,17.94482735954648,2786.099826535451,1391.5115262783281,20394.747153741526,5472.15197208164,9088.1931493866,34955.09227520977
问题3_固定价_八时点代理,2025-12-20,41490.51802570501,46063.43870606938,4779.715856038869,206.79517567450245,2432.777270909166,1576.2385664596784,21738.954806139445,3799.786291421878,7548.646181071169,33087.387278632494
问题3_固定价_八时点代理,2025-12-21,88005.89713244699,92010.15114207845,4075.1069249683896,70.85291533693521,3516.755945561437,1694.1062141078373,55712.2092238036,4644.24338808819,11986.68064305906,72343.13325495085
问题3_固定价_八时点代理,2025-12-22,86473.32191976137,92705.18142095393,6231.859501192568,0.0,2489.4836743725546,1492.849115356592,54900.531922212205,6619.5193468158395,8479.514557903249,69999.5658269313
问题3_固定价_八时点代理,2025-12-23,88908.60076119224,90920.41291720666,2311.9263789477463,300.1142229333244,2324.4177232267266,1217.7933334574436,56420.62829931412,2748.8377822468096,7623.821879100117,66793.28796066105
问题3_固定价_八时点代理,2025-12-24,87921.15258413601,91492.51922907909,3750.137997817811,178.77135287473914,2526.7226032488097,1370.6428697035503,56107.176914062555,4111.426382849393,7832.079408383665,68050.68270529562
问题3_固定价_八时点代理,2025-12-25,84256.35105867196,91327.96287175405,7071.611813082088,0.0,2762.577955305468,1505.0044270066196,53167.01256316153,7826.234697757073,9079.999164470419,70073.24642538902
问题3_固定价_八时点代理,2025-12-26,39669.032110845474,45727.66503519349,6373.971198360627,315.3382740126115,2502.791957062695,1143.84756531791,20943.81350509018,4924.453865978933,7886.690668874169,33754.95803994328
问题3_固定价_八时点代理,2025-12-27,41650.334956016675,46434.340522530016,4869.056187829427,85.05062131609168,2495.5492177224355,1508.676919085749,21718.6907406965,3766.124484956255,8355.637441428771,33840.452667081525
问题3_固定价_八时点代理,2025-12-28,87369.42102036328,90426.40235000264,3599.002268957803,542.0209393184518,2645.7253645941923,1571.4573866139747,55522.67659894018,3769.646785281972,8811.954475777631,68104.27785999978
问题3_固定价_八时点代理,2025-12-29,88029.57191168574,92843.22047151614,5067.967897531151,254.3193377007508,2009.9116375847773,2541.8034929056325,55480.36690139774,5486.975067176716,7327.589311686668,68294.93128026112
问题3_固定价_八时点代理,2025-12-30,88986.11076655924,89861.64891460424,2122.305977782573,1246.7678297375678,2550.4013090978806,1495.3603551312056,56529.11596834954,2125.169356802454,8549.95751953264,67204.24284468463
问题3_固定价_八时点代理,2025-12-31,96269.83484815879,98639.85200998938,2600.320864133576,230.30370230297922,1921.7656002585018,1800.246527584564,59882.890533879516,3228.340842539704,6703.08134227134,69814.31271869056
